<?xml version="1.0" encoding="UTF-8" standalone="yes"?>
<worksheet xmlns="http://schemas.openxmlformats.org/spreadsheetml/2006/main" xmlns:r="http://schemas.openxmlformats.org/officeDocument/2006/relationships" xmlns:mc="http://schemas.openxmlformats.org/markup-compatibility/2006" mc:Ignorable="x14ac xr xr2 xr3" xmlns:x14ac="http://schemas.microsoft.com/office/spreadsheetml/2009/9/ac" xmlns:xr="http://schemas.microsoft.com/office/spreadsheetml/2014/revision" xmlns:xr2="http://schemas.microsoft.com/office/spreadsheetml/2015/revision2" xmlns:xr3="http://schemas.microsoft.com/office/spreadsheetml/2016/revision3" xr:uid="{1CD3597A-41BC-472B-9AAD-5AD4ED0B2D70}"><dimension ref="A2:L50"/><sheetViews><sheetView topLeftCell="A7" workbookViewId="0"><selection activeCell="A2" sqref="A2:L50"/></sheetView></sheetViews><sheetFormatPr defaultRowHeight="14.4" x14ac:dyDescent="0.3"/><sheetData><row r="2" spans="1:12" x14ac:dyDescent="0.3"><c r="A2" s="56" t="s"><v>72</v></c><c r="B2" s="57"/><c r="C2" s="46"/><c r="D2" s="50"/><c r="E2" s="50"/><c r="F2" s="50"/><c r="G2" s="50"/><c r="H2" s="50"/><c r="I2" s="50"/><c r="J2" s="50"/><c r="K2" s="50"/><c r="L2" s="50"/></row><row r="3" spans="1:12" x14ac:dyDescent="0.3"><c r="A3" s="56" t="s"><v>73</v></c><c r="B3" s="57"/><c r="C3" s="46"/><c r="D3" s="50"/><c r="E3" s="50"/><c r="F3" s="50"/><c r="G3" s="50"/><c r="H3" s="50"/><c r="I3" s="50"/><c r="J3" s="50"/><c r="K3" s="50"/><c r="L3" s="50"/></row><row r="4" spans="1:12" x14ac:dyDescent="0.3"><c r="A4" s="56" t="s"><v>74</v></c><c r="B4" s="57"/><c r="C4" s="46"/><c r="D4" s="50"/><c r="E4" s="50"/><c r="F4" s="50"/><c r="G4" s="50"/><c r="H4" s="50"/><c r="I4" s="50"/><c r="J4" s="50"/><c r="K4" s="50"/><c r="L4" s="50"/></row><row r="5" spans="1:12" x14ac:dyDescent="0.3"><c r="A5" s="58"/><c r="B5" s="59"/><c r="C5" s="39"/><c r="D5" s="51"/><c r="E5" s="51"/><c r="F5" s="51"/><c r="G5" s="51"/><c r="H5" s="51"/><c r="I5" s="51"/><c r="J5" s="51"/><c r="K5" s="51"/><c r="L5" s="51"/></row><row r="6" spans="1:12" x14ac:dyDescent="0.3"><c r="A6" s="60" t="s"><v>75</v></c><c r="B6" s="60"/><c r="C6" s="29" t="s"><v>76</v></c><c r="D6" s="29" t="s"><v>76</v></c><c r="E6" s="29" t="s"><v>76</v></c><c r="F6" s="29" t="s"><v>76</v></c><c r="G6" s="29" t="s"><v>76</v></c><c r="H6" s="29" t="s"><v>76</v></c><c r="I6" s="29" t="s"><v>76</v></c><c r="J6" s="29" t="s"><v>76</v></c><c r="K6" s="29" t="s"><v>76</v></c><c r="L6" s="29" t="s"><v>76</v></c></row><row r="7" spans="1:12" ht="72" x14ac:dyDescent="0.3"><c r="A7" s="60" t="s"><v>77</v></c><c r="B7" s="60"/><c r="C7" s="30" t="s"><v>78</v></c><c r="D7" s="30" t="s"><v>79</v></c><c r="E7" s="30" t="s"><v>80</v></c><c r="F7" s="30" t="s"><v>81</v></c><c r="G7" s="30" t="s"><v>78</v></c><c r="H7" s="30" t="s"><v>79</v></c><c r="I7" s="30" t="s"><v>82</v></c><c r="J7" s="30" t="s"><v>83</v></c><c r="K7" s="30" t="s"><v>84</v></c><c r="L7" s="30" t="s"><v>85</v></c></row><row r="8" spans="1:12" x14ac:dyDescent="0.3"><c r="A8" s="60" t="s"><v>86</v></c><c r="B8" s="60"/><c r="C8" s="29" t="s"><v>87</v></c><c r="D8" s="29" t="s"><v>88</v></c><c r="E8" s="29" t="s"><v>88</v></c><c r="F8" s="29" t="s"><v>89</v></c><c r="G8" s="29" t="s"><v>90</v></c><c r="H8" s="29" t="s"><v>91</v></c><c r="I8" s="29" t="s"><v>92</v></c><c r="J8" s="29" t="s"><v>93</v></c><c r="K8" s="29" t="s"><v>94</v></c><c r="L8" s="29" t="s"><v>95</v></c></row><row r="9" spans="1:12" x14ac:dyDescent="0.3"><c r="A9" s="60" t="s"><v>96</v></c><c r="B9" s="60"/><c r="C9" s="29" t="s"><v>97</v></c><c r="D9" s="29" t="s"><v>98</v></c><c r="E9" s="29" t="s"><v>99</v></c><c r="F9" s="29" t="s"><v>97</v></c><c r="G9" s="29" t="s"><v>100</v></c><c r="H9" s="29" t="s"><v>97</v></c><c r="I9" s="29" t="s"><v>101</v></c><c r="J9" s="29" t="s"><v>102</v></c><c r="K9" s="29" t="s"><v>103</v></c><c r="L9" s="29" t="s"><v>104</v></c></row><row r="10" spans="1:12" x14ac:dyDescent="0.3"><c r="A10" s="60" t="s"><v>105</v></c><c r="B10" s="60"/><c r="C10" s="31" t="s"><v>106</v></c><c r="D10" s="31" t="s"><v>106</v></c><c r="E10" s="31" t="s"><v>106</v></c><c r="F10" s="31" t="s"><v>106</v></c><c r="G10" s="29" t="s"><v>107</v></c><c r="H10" s="29" t="s"><v>107</v></c><c r="I10" s="29" t="s"><v>107</v></c><c r="J10" s="29" t="s"><v>108</v></c><c r="K10" s="29" t="s"><v>107</v></c><c r="L10" s="29" t="s"><v>109</v></c></row><row r="11" spans="1:12" x14ac:dyDescent="0.3"><c r="A11" s="55" t="s"><v>110</v></c><c r="B11" s="55"/><c r="C11" s="32" t="s"><v>111</v></c><c r="D11" s="32" t="s"><v>111</v></c><c r="E11" s="32" t="s"><v>111</v></c><c r="F11" s="32" t="s"><v>111</v></c><c r="G11" s="32" t="s"><v>111</v></c><c r="H11" s="32" t="s"><v>111</v></c><c r="I11" s="32" t="s"><v>111</v></c><c r="J11" s="32" t="s"><v>111</v></c><c r="K11" s="32" t="s"><v>111</v></c><c r="L11" s="32" t="s"><v>111</v></c></row><row r="12" spans="1:12" x14ac:dyDescent="0.3"><c r="A12" s="55" t="s"><v>75</v></c><c r="B12" s="55"/><c r="C12" s="32" t="s"><v>76</v></c><c r="D12" s="32" t="s"><v>76</v></c><c r="E12" s="32" t="s"><v>76</v></c><c r="F12" s="32" t="s"><v>76</v></c><c r="G12" s="32" t="s"><v>76</v></c><c r="H12" s="32" t="s"><v>76</v></c><c r="I12" s="32" t="s"><v>76</v></c><c r="J12" s="32" t="s"><v>76</v></c><c r="K12" s="32" t="s"><v>76</v></c><c r="L12" s="32" t="s"><v>76</v></c></row><row r="13" spans="1:12" ht="72" x14ac:dyDescent="0.3"><c r="A13" s="55" t="s"><v>112</v></c><c r="B13" s="55"/><c r="C13" s="28" t="s"><v>78</v></c><c r="D13" s="28" t="s"><v>79</v></c><c r="E13" s="28" t="s"><v>80</v></c><c r="F13" s="28" t="s"><v>81</v></c><c r="G13" s="28" t="s"><v>78</v></c><c r="H13" s="28" t="s"><v>79</v></c><c r="I13" s="28" t="s"><v>82</v></c><c r="J13" s="28" t="s"><v>83</v></c><c r="K13" s="28" t="s"><v>84</v></c><c r="L13" s="28" t="s"><v>85</v></c></row><row r="14" spans="1:12" x14ac:dyDescent="0.3"><c r="A14" s="55" t="s"><v>113</v></c><c r="B14" s="55"/><c r="C14" s="29" t="s"><v>87</v></c><c r="D14" s="29" t="s"><v>88</v></c><c r="E14" s="29" t="s"><v>88</v></c><c r="F14" s="29" t="s"><v>89</v></c><c r="G14" s="29" t="s"><v>90</v></c><c r="H14" s="29" t="s"><v>91</v></c><c r="I14" s="29" t="s"><v>92</v></c><c r="J14" s="29" t="s"><v>93</v></c><c r="K14" s="33" t="s"><v>94</v></c><c r="L14" s="33" t="s"><v>95</v></c></row><row r="15" spans="1:12" x14ac:dyDescent="0.3"><c r="A15" s="55" t="s"><v>114</v></c><c r="B15" s="55"/><c r="C15" s="32" t="s"><v>97</v></c><c r="D15" s="32" t="s"><v>98</v></c><c r="E15" s="32" t="s"><v>99</v></c><c r="F15" s="32" t="s"><v>97</v></c><c r="G15" s="32" t="s"><v>100</v></c><c r="H15" s="32" t="s"><v>97</v></c><c r="I15" s="32" t="s"><v>101</v></c><c r="J15" s="32" t="s"><v>102</v></c><c r="K15" s="32" t="s"><v>103</v></c><c r="L15" s="32" t="s"><v>104</v></c></row><row r="16" spans="1:12" x14ac:dyDescent="0.3"><c r="A16" s="55" t="s"><v>115</v></c><c r="B16" s="55"/><c r="C16" s="31" t="s"><v>106</v></c><c r="D16" s="31" t="s"><v>106</v></c><c r="E16" s="31" t="s"><v>106</v></c><c r="F16" s="31" t="s"><v>106</v></c><c r="G16" s="32" t="s"><v>107</v></c><c r="H16" s="32" t="s"><v>107</v></c><c r="I16" s="32" t="s"><v>107</v></c><c r="J16" s="32" t="s"><v>108</v></c><c r="K16" s="32" t="s"><v>107</v></c><c r="L16" s="32" t="s"><v>109</v></c></row><row r="17" spans="1:12" x14ac:dyDescent="0.3"><c r="A17" s="62" t="s"><v>116</v></c><c r="B17" s="63"/><c r="C17" s="34" t="s"><v>117</v></c><c r="D17" s="34" t="s"><v>118</v></c><c r="E17" s="34" t="s"><v>119</v></c><c r="F17" s="34" t="s"><v>120</v></c><c r="G17" s="34" t="s"><v>121</v></c><c r="H17" s="34" t="s"><v>122</v></c><c r="I17" s="34" t="s"><v>123</v></c><c r="J17" s="35" t="s"><v>117</v></c><c r="K17" s="34" t="s"><v>124</v></c><c r="L17" s="34" t="s"><v>121</v></c></row><row r="18" spans="1:12" x14ac:dyDescent="0.3"><c r="A18" s="64" t="s"><v>125</v></c><c r="B18" s="36" t="s"><v>126</v></c><c r="C18" s="37" t="s"><v>127</v></c><c r="D18" s="38" t="s"><v>128</v></c><c r="E18" s="38" t="s"><v>127</v></c><c r="F18" s="38" t="s"><v>127</v></c><c r="G18" s="38" t="s"><v>127</v></c><c r="H18" s="38" t="s"><v>127</v></c><c r="I18" s="38" t="s"><v>127</v></c><c r="J18" s="38" t="s"><v>127</v></c><c r="K18" s="32" t="s"><v>127</v></c><c r="L18" s="32" t="s"><v>127</v></c></row><row r="19" spans="1:12" x14ac:dyDescent="0.3"><c r="A19" s="64"/><c r="B19" s="39" t="s"><v>129</v></c><c r="C19" s="37" t="s"><v>130</v></c><c r="D19" s="38" t="s"><v>131</v></c><c r="E19" s="29" t="s"><v>130</v></c><c r="F19" s="38" t="s"><v>130</v></c><c r="G19" s="38" t="s"><v>130</v></c><c r="H19" s="38" t="s"><v>130</v></c><c r="I19" s="38" t="s"><v>130</v></c><c r="J19" s="38" t="s"><v>130</v></c><c r="K19" s="32" t="s"><v>130</v></c><c r="L19" s="32" t="s"><v>130</v></c></row><row r="20" spans="1:12" x14ac:dyDescent="0.3"><c r="A20" s="64" t="s"><v>132</v></c><c r="B20" s="36" t="s"><v>126</v></c><c r="C20" s="40"><v>0.9</v></c><c r="D20" s="40"><v>0.8</v></c><c r="E20" s="40"><v>0.9</v></c><c r="F20" s="40"><v>0.8</v></c><c r="G20" s="40"><v>0.9</v></c><c r="H20" s="40"><v>0.7</v></c><c r="I20" s="40"><v>0.4</v></c><c r="J20" s="40"><v>0.9</v></c><c r="K20" s="41"><v>0.9</v></c><c r="L20" s="41"><v>0.9</v></c></row><row r="21" spans="1:12" x14ac:dyDescent="0.3"><c r="A21" s="64"/><c r="B21" s="39" t="s"><v>129</v></c><c r="C21" s="40"><v>0.6</v></c><c r="D21" s="40"><v>0.5</v></c><c r="E21" s="40"><v>0.6</v></c><c r="F21" s="40"><v>0.6</v></c><c r="G21" s="40"><v>0.6</v></c><c r="H21" s="40"><v>0.6</v></c><c r="I21" s="40"><v>0.6</v></c><c r="J21" s="40"><v>0.6</v></c><c r="K21" s="41"><v>0.6</v></c><c r="L21" s="41"><v>0.6</v></c></row><row r="22" spans="1:12" x14ac:dyDescent="0.3"><c r="A22" s="64" t="s"><v>133</v></c><c r="B22" s="36" t="s"><v>126</v></c><c r="C22" s="38" t="s"><v>134</v></c><c r="D22" s="38" t="s"><v>135</v></c><c r="E22" s="38" t="s"><v>134</v></c><c r="F22" s="38" t="s"><v>134</v></c><c r="G22" s="38" t="s"><v>134</v></c><c r="H22" s="38" t="s"><v>134</v></c><c r="I22" s="38" t="s"><v>134</v></c><c r="J22" s="38" t="s"><v>134</v></c><c r="K22" s="32" t="s"><v>134</v></c><c r="L22" s="32" t="s"><v>134</v></c></row><row r="23" spans="1:12" x14ac:dyDescent="0.3"><c r="A23" s="64"/><c r="B23" s="39" t="s"><v>129</v></c><c r="C23" s="38" t="s"><v>136</v></c><c r="D23" s="38" t="s"><v>137</v></c><c r="E23" s="38" t="s"><v>136</v></c><c r="F23" s="29" t="s"><v>136</v></c><c r="G23" s="29" t="s"><v>136</v></c><c r="H23" s="38" t="s"><v>136</v></c><c r="I23" s="38" t="s"><v>136</v></c><c r="J23" s="38" t="s"><v>136</v></c><c r="K23" s="32" t="s"><v>136</v></c><c r="L23" s="32" t="s"><v>136</v></c></row><row r="24" spans="1:12" x14ac:dyDescent="0.3"><c r="A24" s="64" t="s"><v>138</v></c><c r="B24" s="65" t="s"><v>139</v></c><c r="C24" s="61" t="s"><v>140</v></c><c r="D24" s="61" t="s"><v>141</v></c><c r="E24" s="61" t="s"><v>140</v></c><c r="F24" s="73" t="s"><v>140</v></c><c r="G24" s="73" t="s"><v>140</v></c><c r="H24" s="61" t="s"><v>140</v></c><c r="I24" s="61" t="s"><v>140</v></c><c r="J24" s="61" t="s"><v>140</v></c><c r="K24" s="66" t="s"><v>140</v></c><c r="L24" s="66" t="s"><v>140</v></c></row><row r="25" spans="1:12" x14ac:dyDescent="0.3"><c r="A25" s="64"/><c r="B25" s="65"/><c r="C25" s="61"/><c r="D25" s="61"/><c r="E25" s="61"/><c r="F25" s="73"/><c r="G25" s="73"/><c r="H25" s="61"/><c r="I25" s="61"/><c r="J25" s="61"/><c r="K25" s="66"/><c r="L25" s="66"/></row><row r="26" spans="1:12" x14ac:dyDescent="0.3"><c r="A26" s="64"/><c r="B26" s="36" t="s"><v>129</v></c><c r="C26" s="42" t="s"><v>142</v></c><c r="D26" s="42" t="s"><v>143</v></c><c r="E26" s="42" t="s"><v>144</v></c><c r="F26" s="42" t="s"><v>142</v></c><c r="G26" s="42" t="s"><v>145</v></c><c r="H26" s="42" t="s"><v>143</v></c><c r="I26" s="42" t="s"><v>142</v></c><c r="J26" s="42" t="s"><v>144</v></c><c r="K26" s="43" t="s"><v>146</v></c><c r="L26" s="43" t="s"><v>142</v></c></row><row r="27" spans="1:12" x14ac:dyDescent="0.3"><c r="A27" s="67" t="s"><v>147</v></c><c r="B27" s="68" t="s"><v>148</v></c><c r="C27" s="70" t="s"><v>146</v></c><c r="D27" s="71" t="s"><v>146</v></c><c r="E27" s="71" t="s"><v>142</v></c><c r="F27" s="72" t="s"><v>143</v></c><c r="G27" s="72" t="s"><v>149</v></c><c r="H27" s="72" t="s"><v>146</v></c><c r="I27" s="72" t="s"><v>142</v></c><c r="J27" s="72" t="s"><v>146</v></c><c r="K27" s="75" t="s"><v>146</v></c><c r="L27" s="75" t="s"><v>145</v></c></row><row r="28" spans="1:12" x14ac:dyDescent="0.3"><c r="A28" s="67"/><c r="B28" s="69"/><c r="C28" s="70"/><c r="D28" s="71"/><c r="E28" s="71"/><c r="F28" s="72"/><c r="G28" s="72"/><c r="H28" s="72"/><c r="I28" s="72"/><c r="J28" s="72"/><c r="K28" s="75"/><c r="L28" s="75"/></row><row r="29" spans="1:12" x14ac:dyDescent="0.3"><c r="A29" s="67"/><c r="B29" s="39" t="s"><v>129</v></c><c r="C29" s="45" t="s"><v>143</v></c><c r="D29" s="42" t="s"><v>144</v></c><c r="E29" s="42" t="s"><v>143</v></c><c r="F29" s="42" t="s"><v>143</v></c><c r="G29" s="42" t="s"><v>143</v></c><c r="H29" s="42" t="s"><v>143</v></c><c r="I29" s="42" t="s"><v>143</v></c><c r="J29" s="42" t="s"><v>143</v></c><c r="K29" s="43" t="s"><v>143</v></c><c r="L29" s="43" t="s"><v>143</v></c></row><row r="30" spans="1:12" x14ac:dyDescent="0.3"><c r="A30" s="64" t="s"><v>150</v></c><c r="B30" s="46" t="s"><v>126</v></c><c r="C30" s="42" t="s"><v>142</v></c><c r="D30" s="42" t="s"><v>142</v></c><c r="E30" s="42" t="s"><v>142</v></c><c r="F30" s="42" t="s"><v>151</v></c><c r="G30" s="42" t="s"><v>142</v></c><c r="H30" s="42" t="s"><v>142</v></c><c r="I30" s="42" t="s"><v>142</v></c><c r="J30" s="42" t="s"><v>142</v></c><c r="K30" s="43" t="s"><v>142</v></c><c r="L30" s="43" t="s"><v>142</v></c></row><row r="31" spans="1:12" x14ac:dyDescent="0.3"><c r="A31" s="64"/><c r="B31" s="46" t="s"><v>129</v></c><c r="C31" s="42" t="s"><v>146</v></c><c r="D31" s="42" t="s"><v>144</v></c><c r="E31" s="42" t="s"><v>142</v></c><c r="F31" s="42" t="s"><v>144</v></c><c r="G31" s="42" t="s"><v>146</v></c><c r="H31" s="42" t="s"><v>143</v></c><c r="I31" s="42" t="s"><v>144</v></c><c r="J31" s="42" t="s"><v>146</v></c><c r="K31" s="43" t="s"><v>144</v></c><c r="L31" s="43" t="s"><v>144</v></c></row><row r="32" spans="1:12" x14ac:dyDescent="0.3"><c r="A32" s="67" t="s"><v>152</v></c><c r="B32" s="68" t="s"><v>126</v></c><c r="C32" s="76" t="s"><v>153</v></c><c r="D32" s="77" t="s"><v>154</v></c><c r="E32" s="77" t="s"><v>153</v></c><c r="F32" s="77" t="s"><v>154</v></c><c r="G32" s="77" t="s"><v>154</v></c><c r="H32" s="77" t="s"><v>153</v></c><c r="I32" s="77" t="s"><v>154</v></c><c r="J32" s="77" t="s"><v>154</v></c><c r="K32" s="74" t="s"><v>154</v></c><c r="L32" s="74" t="s"><v>153</v></c></row><row r="33" spans="1:12" x14ac:dyDescent="0.3"><c r="A33" s="67"/><c r="B33" s="69"/><c r="C33" s="76"/><c r="D33" s="77"/><c r="E33" s="77"/><c r="F33" s="77"/><c r="G33" s="77"/><c r="H33" s="77"/><c r="I33" s="77"/><c r="J33" s="77"/><c r="K33" s="74"/><c r="L33" s="74"/></row><row r="34" spans="1:12" x14ac:dyDescent="0.3"><c r="A34" s="67"/><c r="B34" s="69"/><c r="C34" s="76"/><c r="D34" s="77"/><c r="E34" s="77"/><c r="F34" s="77"/><c r="G34" s="77"/><c r="H34" s="77"/><c r="I34" s="77"/><c r="J34" s="77"/><c r="K34" s="74"/><c r="L34" s="74"/></row><row r="35" spans="1:12" x14ac:dyDescent="0.3"><c r="A35" s="67"/><c r="B35" s="39" t="s"><v>129</v></c><c r="C35" s="45" t="s"><v>142</v></c><c r="D35" s="42" t="s"><v>142</v></c><c r="E35" s="42" t="s"><v>142</v></c><c r="F35" s="42" t="s"><v>142</v></c><c r="G35" s="42" t="s"><v>142</v></c><c r="H35" s="42" t="s"><v>142</v></c><c r="I35" s="42" t="s"><v>142</v></c><c r="J35" s="42" t="s"><v>142</v></c><c r="K35" s="43" t="s"><v>142</v></c><c r="L35" s="43" t="s"><v>142</v></c></row><row r="36" spans="1:12" x14ac:dyDescent="0.3"><c r="A36" s="47" t="s"><v>155</v></c><c r="B36" s="39" t="s"><v>126</v></c><c r="C36" s="44" t="s"><v>156</v></c><c r="D36" s="44" t="s"><v>157</v></c><c r="E36" s="44" t="s"><v>156</v></c><c r="F36" s="44" t="s"><v>158</v></c><c r="G36" s="44" t="s"><v>156</v></c><c r="H36" s="42" t="s"><v>159</v></c><c r="I36" s="42" t="s"><v>160</v></c><c r="J36" s="42" t="s"><v>159</v></c><c r="K36" s="43" t="s"><v>144</v></c><c r="L36" s="43" t="s"><v>157</v></c></row><row r="37" spans="1:12" x14ac:dyDescent="0.3"><c r="A37" s="47" t="s"><v>161</v></c><c r="B37" s="48" t="s"><v>162</v></c><c r="C37" s="42" t="s"><v>163</v></c><c r="D37" s="42" t="s"><v>164</v></c><c r="E37" s="42" t="s"><v>163</v></c><c r="F37" s="44" t="s"><v>165</v></c><c r="G37" s="44" t="s"><v>163</v></c><c r="H37" s="42" t="s"><v>166</v></c><c r="I37" s="42" t="s"><v>165</v></c><c r="J37" s="42" t="s"><v>166</v></c><c r="K37" s="43" t="s"><v>144</v></c><c r="L37" s="43" t="s"><v>164</v></c></row><row r="38" spans="1:12" x14ac:dyDescent="0.3"><c r="A38" s="64" t="s"><v>167</v></c><c r="B38" s="61" t="s"><v>168</v></c><c r="C38" s="61" t="s"><v>169</v></c><c r="D38" s="61" t="s"><v>169</v></c><c r="E38" s="61" t="s"><v>169</v></c><c r="F38" s="61" t="s"><v>169</v></c><c r="G38" s="61" t="s"><v>169</v></c><c r="H38" s="61" t="s"><v>169</v></c><c r="I38" s="61" t="s"><v>169</v></c><c r="J38" s="61" t="s"><v>169</v></c><c r="K38" s="66" t="s"><v>169</v></c><c r="L38" s="66" t="s"><v>169</v></c></row><row r="39" spans="1:12" x14ac:dyDescent="0.3"><c r="A39" s="64"/><c r="B39" s="61"/><c r="C39" s="61"/><c r="D39" s="61"/><c r="E39" s="61"/><c r="F39" s="61"/><c r="G39" s="61"/><c r="H39" s="61"/><c r="I39" s="61"/><c r="J39" s="61"/><c r="K39" s="66"/><c r="L39" s="66"/></row><row r="40" spans="1:12" x14ac:dyDescent="0.3"><c r="A40" s="64"/><c r="B40" s="61"/><c r="C40" s="61"/><c r="D40" s="61"/><c r="E40" s="61"/><c r="F40" s="61"/><c r="G40" s="61"/><c r="H40" s="61"/><c r="I40" s="61"/><c r="J40" s="61"/><c r="K40" s="66"/><c r="L40" s="66"/></row><row r="41" spans="1:12" x14ac:dyDescent="0.3"><c r="A41" s="67"/><c r="B41" s="36"/><c r="C41" s="78" t="s"><v>170</v></c><c r="D41" s="61" t="s"><v>170</v></c><c r="E41" s="61" t="s"><v>170</v></c><c r="F41" s="61" t="s"><v>170</v></c><c r="G41" s="61" t="s"><v>170</v></c><c r="H41" s="61" t="s"><v>170</v></c><c r="I41" s="61" t="s"><v>170</v></c><c r="J41" s="61" t="s"><v>170</v></c><c r="K41" s="66" t="s"><v>170</v></c><c r="L41" s="66" t="s"><v>170</v></c></row><row r="42" spans="1:12" x14ac:dyDescent="0.3"><c r="A42" s="67"/><c r="B42" s="46"/><c r="C42" s="78"/><c r="D42" s="61"/><c r="E42" s="61"/><c r="F42" s="61"/><c r="G42" s="61"/><c r="H42" s="61"/><c r="I42" s="61"/><c r="J42" s="61"/><c r="K42" s="66"/><c r="L42" s="66"/></row><row r="43" spans="1:12" x14ac:dyDescent="0.3"><c r="A43" s="67"/><c r="B43" s="46"/><c r="C43" s="78"/><c r="D43" s="61"/><c r="E43" s="61"/><c r="F43" s="61"/><c r="G43" s="61"/><c r="H43" s="61"/><c r="I43" s="61"/><c r="J43" s="61"/><c r="K43" s="66"/><c r="L43" s="66"/></row><row r="44" spans="1:12" x14ac:dyDescent="0.3"><c r="A44" s="67"/><c r="B44" s="46"/><c r="C44" s="78"/><c r="D44" s="61"/><c r="E44" s="61"/><c r="F44" s="61"/><c r="G44" s="61"/><c r="H44" s="61"/><c r="I44" s="61"/><c r="J44" s="61"/><c r="K44" s="66"/><c r="L44" s="66"/></row><row r="45" spans="1:12" x14ac:dyDescent="0.3"><c r="A45" s="67"/><c r="B45" s="46"/><c r="C45" s="78"/><c r="D45" s="61"/><c r="E45" s="61"/><c r="F45" s="61"/><c r="G45" s="61"/><c r="H45" s="61"/><c r="I45" s="61"/><c r="J45" s="61"/><c r="K45" s="66"/><c r="L45" s="66"/></row><row r="46" spans="1:12" x14ac:dyDescent="0.3"><c r="A46" s="49" t="s"><v>171</v></c><c r="B46" s="46"/><c r="C46" s="45" t="s"><v>172</v></c><c r="D46" s="44" t="s"><v>173</v></c><c r="E46" s="42" t="s"><v>174</v></c><c r="F46" s="42" t="s"><v>175</v></c><c r="G46" s="42" t="s"><v>172</v></c><c r="H46" s="42" t="s"><v>172</v></c><c r="I46" s="42" t="s"><v>173</v></c><c r="J46" s="42" t="s"><v>174</v></c><c r="K46" s="43" t="s"><v>175</v></c><c r="L46" s="43" t="s"><v>173</v></c></row><row r="47" spans="1:12" x14ac:dyDescent="0.3"><c r="A47" s="67" t="s"><v>176</v></c><c r="B47" s="46"/><c r="C47" s="80" t="s"><v>177</v></c><c r="D47" s="79" t="s"><v>177</v></c><c r="E47" s="79" t="s"><v>177</v></c><c r="F47" s="79" t="s"><v>177</v></c><c r="G47" s="79" t="s"><v>177</v></c><c r="H47" s="79" t="s"><v>177</v></c><c r="I47" s="77" t="s"><v>177</v></c><c r="J47" s="77" t="s"><v>177</v></c><c r="K47" s="74" t="s"><v>177</v></c><c r="L47" s="74" t="s"><v>177</v></c></row><row r="48" spans="1:12" x14ac:dyDescent="0.3"><c r="A48" s="67"/><c r="B48" s="46"/><c r="C48" s="80"/><c r="D48" s="79"/><c r="E48" s="79"/><c r="F48" s="79"/><c r="G48" s="79"/><c r="H48" s="79"/><c r="I48" s="77"/><c r="J48" s="77"/><c r="K48" s="74"/><c r="L48" s="74"/></row><row r="49" spans="1:12" x14ac:dyDescent="0.3"><c r="A49" s="67"/><c r="B49" s="46"/><c r="C49" s="80"/><c r="D49" s="79"/><c r="E49" s="79"/><c r="F49" s="79"/><c r="G49" s="79"/><c r="H49" s="79"/><c r="I49" s="77"/><c r="J49" s="77"/><c r="K49" s="74"/><c r="L49" s="74"/></row><row r="50" spans="1:12" x14ac:dyDescent="0.3"><c r="A50" s="67"/><c r="B50" s="39"/><c r="C50" s="80"/><c r="D50" s="79"/><c r="E50" s="79"/><c r="F50" s="79"/><c r="G50" s="79"/><c r="H50" s="79"/><c r="I50" s="77"/><c r="J50" s="77"/><c r="K50" s="74"/><c r="L50" s="74"/></row></sheetData><mergeCells count="89"><mergeCell ref="G47:G50"/><mergeCell ref="A47:A50"/><mergeCell ref="C47:C50"/><mergeCell ref="D47:D50"/><mergeCell ref="E47:E50"/><mergeCell ref="F47:F50"/><mergeCell ref="H47:H50"/><mergeCell ref="I47:I50"/><mergeCell ref="J47:J50"/><mergeCell ref="K47:K50"/><mergeCell ref="L47:L50"/><mergeCell ref="K41:K45"/><mergeCell ref="L41:L45"/><mergeCell ref="G38:G40"/><mergeCell ref="H38:H40"/><mergeCell ref="I38:I40"/><mergeCell ref="J38:J40"/><mergeCell ref="K38:K40"/><mergeCell ref="L38:L40"/><mergeCell ref="G41:G45"/><mergeCell ref="H41:H45"/><mergeCell ref="I41:I45"/><mergeCell ref="J41:J45"/><mergeCell ref="A38:A45"/><mergeCell ref="B38:B40"/><mergeCell ref="C38:C40"/><mergeCell ref="D38:D40"/><mergeCell ref="E38:E40"/><mergeCell ref="F38:F40"/><mergeCell ref="C41:C45"/><mergeCell ref="D41:D45"/><mergeCell ref="E41:E45"/><mergeCell ref="F41:F45"/><mergeCell ref="L32:L34"/><mergeCell ref="J27:J28"/><mergeCell ref="K27:K28"/><mergeCell ref="L27:L28"/><mergeCell ref="A30:A31"/><mergeCell ref="A32:A35"/><mergeCell ref="B32:B34"/><mergeCell ref="C32:C34"/><mergeCell ref="D32:D34"/><mergeCell ref="E32:E34"/><mergeCell ref="F32:F34"/><mergeCell ref="G32:G34"/><mergeCell ref="H32:H34"/><mergeCell ref="I32:I34"/><mergeCell ref="J32:J34"/><mergeCell ref="K32:K34"/><mergeCell ref="L24:L25"/><mergeCell ref="A27:A29"/><mergeCell ref="B27:B28"/><mergeCell ref="C27:C28"/><mergeCell ref="D27:D28"/><mergeCell ref="E27:E28"/><mergeCell ref="F27:F28"/><mergeCell ref="G27:G28"/><mergeCell ref="H27:H28"/><mergeCell ref="I27:I28"/><mergeCell ref="F24:F25"/><mergeCell ref="G24:G25"/><mergeCell ref="H24:H25"/><mergeCell ref="I24:I25"/><mergeCell ref="J24:J25"/><mergeCell ref="K24:K25"/><mergeCell ref="E24:E25"/><mergeCell ref="A14:B14"/><mergeCell ref="A15:B15"/><mergeCell ref="A16:B16"/><mergeCell ref="A17:B17"/><mergeCell ref="A18:A19"/><mergeCell ref="A20:A21"/><mergeCell ref="A22:A23"/><mergeCell ref="A24:A26"/><mergeCell ref="B24:B25"/><mergeCell ref="C24:C25"/><mergeCell ref="D24:D25"/><mergeCell ref="A13:B13"/><mergeCell ref="A2:B2"/><mergeCell ref="A3:B3"/><mergeCell ref="A4:B4"/><mergeCell ref="A5:B5"/><mergeCell ref="A6:B6"/><mergeCell ref="A7:B7"/><mergeCell ref="A8:B8"/><mergeCell ref="A9:B9"/><mergeCell ref="A10:B10"/><mergeCell ref="A11:B11"/><mergeCell ref="A12:B12"/></mergeCells><pageMargins left="0.7" right="0.7" top="0.75" bottom="0.75" header="0.3" footer="0.3"/></worksheet>