<?xml version="1.0" encoding="UTF-8" standalone="yes"?>
<worksheet xmlns="http://schemas.openxmlformats.org/spreadsheetml/2006/main" xmlns:r="http://schemas.openxmlformats.org/officeDocument/2006/relationships" xmlns:mc="http://schemas.openxmlformats.org/markup-compatibility/2006" mc:Ignorable="x14ac xr xr2 xr3" xmlns:x14ac="http://schemas.microsoft.com/office/spreadsheetml/2009/9/ac" xmlns:xr="http://schemas.microsoft.com/office/spreadsheetml/2014/revision" xmlns:xr2="http://schemas.microsoft.com/office/spreadsheetml/2015/revision2" xmlns:xr3="http://schemas.microsoft.com/office/spreadsheetml/2016/revision3" xr:uid="{EDE723C8-AA2B-4E0A-825F-7C86106951E5}"><dimension ref="A1:AM32"/><sheetViews><sheetView zoomScale="48" zoomScaleNormal="160" workbookViewId="0"><selection sqref="A1:G32"/></sheetView></sheetViews><sheetFormatPr defaultRowHeight="14.4" x14ac:dyDescent="0.3"/><cols><col min="1" max="1" width="53.5546875" bestFit="1" customWidth="1"/><col min="2" max="2" width="11.109375" bestFit="1" customWidth="1"/><col min="3" max="5" width="9" bestFit="1" customWidth="1"/><col min="6" max="7" width="9.109375" bestFit="1" customWidth="1"/><col min="9" max="9" width="53.5546875" bestFit="1" customWidth="1"/><col min="10" max="10" width="16.88671875" bestFit="1" customWidth="1"/><col min="11" max="14" width="9.21875" bestFit="1" customWidth="1"/><col min="15" max="15" width="9.109375" bestFit="1" customWidth="1"/><col min="17" max="17" width="22.109375" customWidth="1"/><col min="18" max="18" width="16.88671875" bestFit="1" customWidth="1"/><col min="19" max="23" width="9.109375" bestFit="1" customWidth="1"/><col min="26" max="26" width="15.44140625" bestFit="1" customWidth="1"/><col min="27" max="31" width="9" bestFit="1" customWidth="1"/><col min="34" max="34" width="15.44140625" bestFit="1" customWidth="1"/><col min="35" max="39" width="9" bestFit="1" customWidth="1"/></cols><sheetData><row r="1" spans="1:39" ht="15" thickBot="1" x14ac:dyDescent="0.35"><c r="A1" s="1" t="s"><v>0</v></c><c r="B1" s="2" t="s"><v>1</v></c><c r="Q1" s="1"/><c r="R1" s="2"/></row><row r="2" spans="1:39" ht="15" thickBot="1" x14ac:dyDescent="0.35"><c r="A2" s="1" t="s"><v>2</v></c><c r="B2" s="3"><v>554658</v></c><c r="I2" s="1" t="s"><v>0</v></c><c r="J2" s="2" t="s"><v>3</v></c><c r="Q2" s="1" t="s"><v>0</v></c><c r="R2" s="2" t="s"><v>68</v></c><c r="Y2" s="1" t="s"><v>0</v></c><c r="Z2" s="2" t="s"><v>69</v></c><c r="AG2" s="1" t="s"><v>0</v></c><c r="AH2" s="2" t="s"><v>70</v></c></row><row r="3" spans="1:39" ht="15" thickBot="1" x14ac:dyDescent="0.35"><c r="A3" s="1" t="s"><v>4</v></c><c r="B3" s="4"><v>43923</v></c><c r="I3" s="1" t="s"><v>2</v></c><c r="J3" s="3"><v>554556</v></c><c r="Q3" s="1" t="s"><v>2</v></c><c r="R3" s="3"><v>554556</v></c><c r="Y3" s="1" t="s"><v>2</v></c><c r="Z3" s="3"><v>554556</v></c><c r="AG3" s="1" t="s"><v>2</v></c><c r="AH3" s="3"><v>554556</v></c></row><row r="4" spans="1:39" ht="15" thickBot="1" x14ac:dyDescent="0.35"><c r="A4" s="1" t="s"><v>5</v></c><c r="B4" s="4"><v>43833</v></c><c r="I4" s="1" t="s"><v>4</v></c><c r="J4" s="4"><v>43923</v></c><c r="Q4" s="1" t="s"><v>4</v></c><c r="R4" s="4"><v>43923</v></c><c r="Y4" s="1" t="s"><v>4</v></c><c r="Z4" s="4"><v>43923</v></c><c r="AG4" s="1" t="s"><v>4</v></c><c r="AH4" s="4"><v>43923</v></c></row><row r="5" spans="1:39" ht="15" thickBot="1" x14ac:dyDescent="0.35"><c r="A5" s="1" t="s"><v>6</v></c><c r="I5" s="1" t="s"><v>5</v></c><c r="J5" s="4"><v>43833</v></c><c r="Q5" s="1" t="s"><v>5</v></c><c r="R5" s="4"><v>43833</v></c><c r="Y5" s="1" t="s"><v>5</v></c><c r="Z5" s="4"><v>43833</v></c><c r="AG5" s="1" t="s"><v>5</v></c><c r="AH5" s="4"><v>43833</v></c></row><row r="6" spans="1:39" ht="15" thickBot="1" x14ac:dyDescent="0.35"><c r="I6" s="1" t="s"><v>6</v></c><c r="Q6" s="1" t="s"><v>6</v></c><c r="Y6" s="1" t="s"><v>6</v></c><c r="AG6" s="1" t="s"><v>6</v></c></row><row r="7" spans="1:39" ht="15" thickBot="1" x14ac:dyDescent="0.35"><c r="B7" s="52" t="s"><v>7</v></c><c r="C7" s="53"/><c r="D7" s="53"/><c r="E7" s="52" t="s"><v>8</v></c><c r="F7" s="53"/><c r="G7" s="54"/></row><row r="8" spans="1:39" ht="58.2" thickBot="1" x14ac:dyDescent="0.35"><c r="A8" s="5" t="s"><v>9</v></c><c r="B8" s="6" t="s"><v>10</v></c><c r="C8" s="7" t="s"><v>11</v></c><c r="D8" s="7" t="s"><v>12</v></c><c r="E8" s="6" t="s"><v>10</v></c><c r="F8" s="7" t="s"><v>11</v></c><c r="G8" s="8" t="s"><v>12</v></c><c r="J8" s="52" t="s"><v>7</v></c><c r="K8" s="53"/><c r="L8" s="53"/><c r="M8" s="52" t="s"><v>8</v></c><c r="N8" s="53"/><c r="O8" s="54"/><c r="R8" s="52" t="s"><v>7</v></c><c r="S8" s="53"/><c r="T8" s="53"/><c r="U8" s="52" t="s"><v>8</v></c><c r="V8" s="53"/><c r="W8" s="54"/><c r="Z8" s="52" t="s"><v>7</v></c><c r="AA8" s="53"/><c r="AB8" s="53"/><c r="AC8" s="52" t="s"><v>8</v></c><c r="AD8" s="53"/><c r="AE8" s="54"/><c r="AH8" s="52" t="s"><v>7</v></c><c r="AI8" s="53"/><c r="AJ8" s="53"/><c r="AK8" s="52" t="s"><v>8</v></c><c r="AL8" s="53"/><c r="AM8" s="54"/></row><row r="9" spans="1:39" ht="58.2" thickBot="1" x14ac:dyDescent="0.35"><c r="A9" s="5" t="s"><v>13</v></c><c r="B9" s="9" t="s"><v>14</v></c><c r="C9" s="10" t="s"><v>15</v></c><c r="D9" s="10" t="s"><v>16</v></c><c r="E9" s="9" t="s"><v>17</v></c><c r="F9" s="10" t="s"><v>18</v></c><c r="G9" s="11" t="s"><v>19</v></c><c r="I9" s="5" t="s"><v>9</v></c><c r="J9" s="6" t="s"><v>10</v></c><c r="K9" s="7" t="s"><v>11</v></c><c r="L9" s="7" t="s"><v>12</v></c><c r="M9" s="6" t="s"><v>10</v></c><c r="N9" s="7" t="s"><v>11</v></c><c r="O9" s="8" t="s"><v>12</v></c><c r="Q9" s="5" t="s"><v>9</v></c><c r="R9" s="6" t="s"><v>10</v></c><c r="S9" s="7" t="s"><v>11</v></c><c r="T9" s="7" t="s"><v>12</v></c><c r="U9" s="6" t="s"><v>10</v></c><c r="V9" s="7" t="s"><v>11</v></c><c r="W9" s="8" t="s"><v>12</v></c><c r="Y9" s="5" t="s"><v>9</v></c><c r="Z9" s="6" t="s"><v>10</v></c><c r="AA9" s="7" t="s"><v>11</v></c><c r="AB9" s="7" t="s"><v>12</v></c><c r="AC9" s="6" t="s"><v>10</v></c><c r="AD9" s="7" t="s"><v>11</v></c><c r="AE9" s="8" t="s"><v>12</v></c><c r="AG9" s="5" t="s"><v>9</v></c><c r="AH9" s="6" t="s"><v>10</v></c><c r="AI9" s="7" t="s"><v>11</v></c><c r="AJ9" s="7" t="s"><v>12</v></c><c r="AK9" s="6" t="s"><v>10</v></c><c r="AL9" s="7" t="s"><v>11</v></c><c r="AM9" s="8" t="s"><v>12</v></c></row><row r="10" spans="1:39" ht="58.2" thickBot="1" x14ac:dyDescent="0.35"><c r="A10" s="1" t="s"><v>20</v></c><c r="B10" s="12"/><c r="E10" s="13" t="s"><v>21</v></c><c r="F10" s="14" t="s"><v>22</v></c><c r="G10" s="15" t="s"><v>23</v></c><c r="I10" s="5" t="s"><v>13</v></c><c r="J10" s="9" t="s"><v>14</v></c><c r="K10" s="10" t="s"><v>15</v></c><c r="L10" s="10" t="s"><v>16</v></c><c r="M10" s="9" t="s"><v>17</v></c><c r="N10" s="10" t="s"><v>18</v></c><c r="O10" s="11" t="s"><v>19</v></c><c r="Q10" s="5" t="s"><v>13</v></c><c r="R10" s="9" t="s"><v>14</v></c><c r="S10" s="10" t="s"><v>15</v></c><c r="T10" s="10" t="s"><v>16</v></c><c r="U10" s="9" t="s"><v>17</v></c><c r="V10" s="10" t="s"><v>18</v></c><c r="W10" s="11" t="s"><v>19</v></c><c r="Y10" s="5" t="s"><v>13</v></c><c r="Z10" s="9" t="s"><v>14</v></c><c r="AA10" s="10" t="s"><v>15</v></c><c r="AB10" s="10" t="s"><v>16</v></c><c r="AC10" s="9" t="s"><v>17</v></c><c r="AD10" s="10" t="s"><v>18</v></c><c r="AE10" s="11" t="s"><v>19</v></c><c r="AG10" s="5" t="s"><v>13</v></c><c r="AH10" s="9" t="s"><v>14</v></c><c r="AI10" s="10" t="s"><v>15</v></c><c r="AJ10" s="10" t="s"><v>16</v></c><c r="AK10" s="9" t="s"><v>17</v></c><c r="AL10" s="10" t="s"><v>18</v></c><c r="AM10" s="11" t="s"><v>19</v></c></row><row r="11" spans="1:39" ht="57.6" x14ac:dyDescent="0.3"><c r="A11" s="1" t="s"><v>24</v></c><c r="B11" s="16"><v>23</v></c><c r="C11" s="17"><v>25</v></c><c r="D11" s="17"><v>45</v></c><c r="E11" s="16"><v>36</v></c><c r="F11" s="17"><v>26</v></c><c r="G11" s="18"><v>15</v></c><c r="I11" s="1" t="s"><v>20</v></c><c r="J11" s="12"/><c r="M11" s="13" t="s"><v>21</v></c><c r="N11" s="14" t="s"><v>22</v></c><c r="O11" s="15" t="s"><v>23</v></c><c r="Q11" s="1" t="s"><v>20</v></c><c r="R11" s="12"/><c r="U11" s="13" t="s"><v>21</v></c><c r="V11" s="14" t="s"><v>22</v></c><c r="W11" s="15" t="s"><v>23</v></c><c r="Y11" s="1" t="s"><v>20</v></c><c r="Z11" s="12"/><c r="AC11" s="13" t="s"><v>21</v></c><c r="AD11" s="14" t="s"><v>22</v></c><c r="AE11" s="15" t="s"><v>23</v></c><c r="AG11" s="1" t="s"><v>20</v></c><c r="AH11" s="12"/><c r="AK11" s="13" t="s"><v>21</v></c><c r="AL11" s="14" t="s"><v>22</v></c><c r="AM11" s="15" t="s"><v>23</v></c></row><row r="12" spans="1:39" x14ac:dyDescent="0.3"><c r="A12" s="1" t="s"><v>25</v></c><c r="B12" s="16" t="s"><v>26</v></c><c r="C12" s="16" t="s"><v>26</v></c><c r="D12" s="16" t="s"><v>26</v></c><c r="E12" s="16" t="s"><v>26</v></c><c r="F12" s="16" t="s"><v>26</v></c><c r="G12" s="16" t="s"><v>26</v></c><c r="I12" s="1" t="s"><v>24</v></c><c r="J12" s="16"><v>23</v></c><c r="K12" s="17"><v>25</v></c><c r="L12" s="17"><v>45</v></c><c r="M12" s="16"><v>36</v></c><c r="N12" s="17"><v>26</v></c><c r="O12" s="18"><v>15</v></c><c r="Q12" s="1" t="s"><v>24</v></c><c r="R12" s="16"><v>23</v></c><c r="S12" s="17"><v>25</v></c><c r="T12" s="17"><v>45</v></c><c r="U12" s="16"><v>36</v></c><c r="V12" s="17"><v>26</v></c><c r="W12" s="18"><v>15</v></c><c r="Y12" s="1" t="s"><v>24</v></c><c r="Z12" s="16"><v>23</v></c><c r="AA12" s="17"><v>25</v></c><c r="AB12" s="17"><v>45</v></c><c r="AC12" s="16"><v>36</v></c><c r="AD12" s="17"><v>26</v></c><c r="AE12" s="18"><v>15</v></c><c r="AG12" s="1" t="s"><v>24</v></c><c r="AH12" s="16"><v>23</v></c><c r="AI12" s="17"><v>25</v></c><c r="AJ12" s="17"><v>45</v></c><c r="AK12" s="16"><v>36</v></c><c r="AL12" s="17"><v>26</v></c><c r="AM12" s="18"><v>15</v></c></row><row r="13" spans="1:39" x14ac:dyDescent="0.3"><c r="A13" s="1" t="s"><v>27</v></c><c r="B13" s="16" t="s"><v>28</v></c><c r="C13" s="17" t="s"><v>28</v></c><c r="D13" s="17" t="s"><v>28</v></c><c r="E13" s="16" t="s"><v>28</v></c><c r="F13" s="17" t="s"><v>28</v></c><c r="G13" s="18" t="s"><v>28</v></c><c r="I13" s="1" t="s"><v>25</v></c><c r="J13" s="16" t="s"><v>26</v></c><c r="K13" s="16" t="s"><v>26</v></c><c r="L13" s="16" t="s"><v>26</v></c><c r="M13" s="16" t="s"><v>26</v></c><c r="N13" s="16" t="s"><v>26</v></c><c r="O13" s="16" t="s"><v>26</v></c><c r="Q13" s="1" t="s"><v>25</v></c><c r="R13" s="16" t="s"><v>26</v></c><c r="S13" s="16" t="s"><v>26</v></c><c r="T13" s="16" t="s"><v>26</v></c><c r="U13" s="16" t="s"><v>26</v></c><c r="V13" s="16" t="s"><v>26</v></c><c r="W13" s="16" t="s"><v>26</v></c><c r="Y13" s="1" t="s"><v>25</v></c><c r="Z13" s="16" t="s"><v>26</v></c><c r="AA13" s="16" t="s"><v>26</v></c><c r="AB13" s="16" t="s"><v>26</v></c><c r="AC13" s="16" t="s"><v>26</v></c><c r="AD13" s="16" t="s"><v>26</v></c><c r="AE13" s="16" t="s"><v>26</v></c><c r="AG13" s="1" t="s"><v>25</v></c><c r="AH13" s="16" t="s"><v>26</v></c><c r="AI13" s="16" t="s"><v>26</v></c><c r="AJ13" s="16" t="s"><v>26</v></c><c r="AK13" s="16" t="s"><v>26</v></c><c r="AL13" s="16" t="s"><v>26</v></c><c r="AM13" s="16" t="s"><v>26</v></c></row><row r="14" spans="1:39" x14ac:dyDescent="0.3"><c r="A14" s="1" t="s"><v>29</v></c><c r="B14" s="16" t="s"><v>30</v></c><c r="C14" s="17" t="s"><v>30</v></c><c r="D14" s="17" t="s"><v>30</v></c><c r="E14" s="16" t="s"><v>30</v></c><c r="F14" s="17" t="s"><v>30</v></c><c r="G14" s="18" t="s"><v>30</v></c><c r="I14" s="1" t="s"><v>27</v></c><c r="J14" s="16" t="s"><v>28</v></c><c r="K14" s="17" t="s"><v>28</v></c><c r="L14" s="17" t="s"><v>28</v></c><c r="M14" s="16" t="s"><v>28</v></c><c r="N14" s="17" t="s"><v>28</v></c><c r="O14" s="18" t="s"><v>28</v></c><c r="Q14" s="1" t="s"><v>27</v></c><c r="R14" s="16" t="s"><v>28</v></c><c r="S14" s="17" t="s"><v>28</v></c><c r="T14" s="17" t="s"><v>28</v></c><c r="U14" s="16" t="s"><v>28</v></c><c r="V14" s="17" t="s"><v>28</v></c><c r="W14" s="18" t="s"><v>28</v></c><c r="Y14" s="1" t="s"><v>27</v></c><c r="Z14" s="16" t="s"><v>28</v></c><c r="AA14" s="17" t="s"><v>28</v></c><c r="AB14" s="17" t="s"><v>28</v></c><c r="AC14" s="16" t="s"><v>28</v></c><c r="AD14" s="17" t="s"><v>28</v></c><c r="AE14" s="18" t="s"><v>28</v></c><c r="AG14" s="1" t="s"><v>27</v></c><c r="AH14" s="16" t="s"><v>28</v></c><c r="AI14" s="17" t="s"><v>28</v></c><c r="AJ14" s="17" t="s"><v>28</v></c><c r="AK14" s="16" t="s"><v>28</v></c><c r="AL14" s="17" t="s"><v>28</v></c><c r="AM14" s="18" t="s"><v>28</v></c></row><row r="15" spans="1:39" x14ac:dyDescent="0.3"><c r="A15" s="1" t="s"><v>31</v></c><c r="B15" s="16" t="s"><v>32</v></c><c r="C15" s="17" t="s"><v>32</v></c><c r="D15" s="17" t="s"><v>32</v></c><c r="E15" s="16" t="s"><v>32</v></c><c r="F15" s="17" t="s"><v>32</v></c><c r="G15" s="18" t="s"><v>32</v></c><c r="I15" s="1" t="s"><v>29</v></c><c r="J15" s="16" t="s"><v>30</v></c><c r="K15" s="17" t="s"><v>30</v></c><c r="L15" s="17" t="s"><v>30</v></c><c r="M15" s="16" t="s"><v>30</v></c><c r="N15" s="17" t="s"><v>30</v></c><c r="O15" s="18" t="s"><v>30</v></c><c r="Q15" s="1" t="s"><v>29</v></c><c r="R15" s="16" t="s"><v>30</v></c><c r="S15" s="17" t="s"><v>30</v></c><c r="T15" s="17" t="s"><v>30</v></c><c r="U15" s="16" t="s"><v>30</v></c><c r="V15" s="17" t="s"><v>30</v></c><c r="W15" s="18" t="s"><v>30</v></c><c r="Y15" s="1" t="s"><v>29</v></c><c r="Z15" s="16" t="s"><v>30</v></c><c r="AA15" s="17" t="s"><v>30</v></c><c r="AB15" s="17" t="s"><v>30</v></c><c r="AC15" s="16" t="s"><v>30</v></c><c r="AD15" s="17" t="s"><v>30</v></c><c r="AE15" s="18" t="s"><v>30</v></c><c r="AG15" s="1" t="s"><v>29</v></c><c r="AH15" s="16" t="s"><v>30</v></c><c r="AI15" s="17" t="s"><v>30</v></c><c r="AJ15" s="17" t="s"><v>30</v></c><c r="AK15" s="16" t="s"><v>30</v></c><c r="AL15" s="17" t="s"><v>30</v></c><c r="AM15" s="18" t="s"><v>30</v></c></row><row r="16" spans="1:39" ht="15" thickBot="1" x14ac:dyDescent="0.35"><c r="A16" s="1" t="s"><v>33</v></c><c r="B16" s="16" t="s"><v>34</v></c><c r="C16" s="17" t="s"><v>34</v></c><c r="D16" s="17" t="s"><v>34</v></c><c r="E16" s="16" t="s"><v>34</v></c><c r="F16" s="17" t="s"><v>34</v></c><c r="G16" s="18" t="s"><v>34</v></c><c r="I16" s="1" t="s"><v>31</v></c><c r="J16" s="16" t="s"><v>32</v></c><c r="K16" s="17" t="s"><v>32</v></c><c r="L16" s="17" t="s"><v>32</v></c><c r="M16" s="16" t="s"><v>32</v></c><c r="N16" s="17" t="s"><v>32</v></c><c r="O16" s="18" t="s"><v>32</v></c><c r="Q16" s="1" t="s"><v>31</v></c><c r="R16" s="16" t="s"><v>32</v></c><c r="S16" s="17" t="s"><v>32</v></c><c r="T16" s="17" t="s"><v>32</v></c><c r="U16" s="16" t="s"><v>32</v></c><c r="V16" s="17" t="s"><v>32</v></c><c r="W16" s="18" t="s"><v>32</v></c><c r="Y16" s="1" t="s"><v>31</v></c><c r="Z16" s="16" t="s"><v>32</v></c><c r="AA16" s="17" t="s"><v>32</v></c><c r="AB16" s="17" t="s"><v>32</v></c><c r="AC16" s="16" t="s"><v>32</v></c><c r="AD16" s="17" t="s"><v>32</v></c><c r="AE16" s="18" t="s"><v>32</v></c><c r="AG16" s="1" t="s"><v>31</v></c><c r="AH16" s="16" t="s"><v>32</v></c><c r="AI16" s="17" t="s"><v>32</v></c><c r="AJ16" s="17" t="s"><v>32</v></c><c r="AK16" s="16" t="s"><v>32</v></c><c r="AL16" s="17" t="s"><v>32</v></c><c r="AM16" s="18" t="s"><v>32</v></c></row><row r="17" spans="1:39" ht="15" thickBot="1" x14ac:dyDescent="0.35"><c r="A17" s="5" t="s"><v>35</v></c><c r="B17" s="19"/><c r="C17" s="20"/><c r="D17" s="20"/><c r="E17" s="19"/><c r="F17" s="20"/><c r="G17" s="21"/><c r="I17" s="1" t="s"><v>33</v></c><c r="J17" s="16" t="s"><v>34</v></c><c r="K17" s="17" t="s"><v>34</v></c><c r="L17" s="17" t="s"><v>34</v></c><c r="M17" s="16" t="s"><v>34</v></c><c r="N17" s="17" t="s"><v>34</v></c><c r="O17" s="18" t="s"><v>34</v></c><c r="Q17" s="1" t="s"><v>33</v></c><c r="R17" s="16" t="s"><v>34</v></c><c r="S17" s="17" t="s"><v>34</v></c><c r="T17" s="17" t="s"><v>34</v></c><c r="U17" s="16" t="s"><v>34</v></c><c r="V17" s="17" t="s"><v>34</v></c><c r="W17" s="18" t="s"><v>34</v></c><c r="Y17" s="1" t="s"><v>33</v></c><c r="Z17" s="16" t="s"><v>34</v></c><c r="AA17" s="17" t="s"><v>34</v></c><c r="AB17" s="17" t="s"><v>34</v></c><c r="AC17" s="16" t="s"><v>34</v></c><c r="AD17" s="17" t="s"><v>34</v></c><c r="AE17" s="18" t="s"><v>34</v></c><c r="AG17" s="1" t="s"><v>33</v></c><c r="AH17" s="16" t="s"><v>34</v></c><c r="AI17" s="17" t="s"><v>34</v></c><c r="AJ17" s="17" t="s"><v>34</v></c><c r="AK17" s="16" t="s"><v>34</v></c><c r="AL17" s="17" t="s"><v>34</v></c><c r="AM17" s="18" t="s"><v>34</v></c></row><row r="18" spans="1:39" ht="15" thickBot="1" x14ac:dyDescent="0.35"><c r="A18" s="1" t="s"><v>36</v></c><c r="B18" s="16" t="s"><v>37</v></c><c r="C18" s="17" t="s"><v>38</v></c><c r="D18" s="17" t="s"><v>39</v></c><c r="E18" s="16" t="s"><v>40</v></c><c r="F18" s="17" t="s"><v>41</v></c><c r="G18" s="18" t="s"><v>42</v></c><c r="I18" s="5" t="s"><v>35</v></c><c r="J18" s="19"/><c r="K18" s="20"/><c r="L18" s="20"/><c r="M18" s="19"/><c r="N18" s="20"/><c r="O18" s="21"/><c r="Q18" s="5" t="s"><v>35</v></c><c r="R18" s="19"/><c r="S18" s="20"/><c r="T18" s="20"/><c r="U18" s="19"/><c r="V18" s="20"/><c r="W18" s="21"/><c r="Y18" s="5" t="s"><v>35</v></c><c r="Z18" s="19"/><c r="AA18" s="20"/><c r="AB18" s="20"/><c r="AC18" s="19"/><c r="AD18" s="20"/><c r="AE18" s="21"/><c r="AG18" s="5" t="s"><v>35</v></c><c r="AH18" s="19"/><c r="AI18" s="20"/><c r="AJ18" s="20"/><c r="AK18" s="19"/><c r="AL18" s="20"/><c r="AM18" s="21"/></row><row r="19" spans="1:39" x14ac:dyDescent="0.3"><c r="A19" s="1" t="s"><v>43</v></c><c r="B19" s="16"><v>150</v></c><c r="C19" s="17"><v>160</v></c><c r="D19" s="17"/><c r="E19" s="16"/><c r="F19" s="17"/><c r="G19" s="18"/><c r="I19" s="1" t="s"><v>36</v></c><c r="J19" s="16" t="s"><v>37</v></c><c r="K19" s="17" t="s"><v>38</v></c><c r="L19" s="17" t="s"><v>39</v></c><c r="M19" s="16" t="s"><v>40</v></c><c r="N19" s="17" t="s"><v>41</v></c><c r="O19" s="18" t="s"><v>42</v></c><c r="Q19" s="1" t="s"><v>36</v></c><c r="R19" s="16" t="s"><v>37</v></c><c r="S19" s="17" t="s"><v>38</v></c><c r="T19" s="17" t="s"><v>39</v></c><c r="U19" s="16" t="s"><v>40</v></c><c r="V19" s="17" t="s"><v>41</v></c><c r="W19" s="18" t="s"><v>42</v></c><c r="Y19" s="1" t="s"><v>36</v></c><c r="Z19" s="16" t="s"><v>37</v></c><c r="AA19" s="17" t="s"><v>38</v></c><c r="AB19" s="17" t="s"><v>39</v></c><c r="AC19" s="16" t="s"><v>40</v></c><c r="AD19" s="17" t="s"><v>41</v></c><c r="AE19" s="18" t="s"><v>42</v></c><c r="AG19" s="1" t="s"><v>36</v></c><c r="AH19" s="16" t="s"><v>37</v></c><c r="AI19" s="17" t="s"><v>38</v></c><c r="AJ19" s="17" t="s"><v>39</v></c><c r="AK19" s="16" t="s"><v>40</v></c><c r="AL19" s="17" t="s"><v>41</v></c><c r="AM19" s="18" t="s"><v>42</v></c></row><row r="20" spans="1:39" ht="87" thickBot="1" x14ac:dyDescent="0.35"><c r="A20" s="1" t="s"><v>44</v></c><c r="B20" s="22" t="s"><v>45</v></c><c r="C20" s="23" t="s"><v>45</v></c><c r="D20" s="23" t="s"><v>45</v></c><c r="E20" s="22" t="s"><v>45</v></c><c r="F20" s="23" t="s"><v>45</v></c><c r="G20" s="24" t="s"><v>45</v></c><c r="I20" s="1" t="s"><v>43</v></c><c r="J20" s="16"><v>150</v></c><c r="K20" s="17"><v>160</v></c><c r="L20" s="17"/><c r="M20" s="16"/><c r="N20" s="17"/><c r="O20" s="18"/><c r="Q20" s="1" t="s"><v>43</v></c><c r="R20" s="16"><v>150</v></c><c r="S20" s="17"><v>160</v></c><c r="T20" s="17"/><c r="U20" s="16"/><c r="V20" s="17"/><c r="W20" s="18"/><c r="Y20" s="1" t="s"><v>43</v></c><c r="Z20" s="16"><v>150</v></c><c r="AA20" s="17"><v>160</v></c><c r="AB20" s="17"/><c r="AC20" s="16"/><c r="AD20" s="17"/><c r="AE20" s="18"/><c r="AG20" s="1" t="s"><v>43</v></c><c r="AH20" s="16"><v>150</v></c><c r="AI20" s="17"><v>160</v></c><c r="AJ20" s="17"/><c r="AK20" s="16"/><c r="AL20" s="17"/><c r="AM20" s="18"/></row><row r="21" spans="1:39" ht="87" thickBot="1" x14ac:dyDescent="0.35"><c r="A21" s="5" t="s"><v>46</v></c><c r="B21" s="19"/><c r="C21" s="20"/><c r="D21" s="20"/><c r="E21" s="19"/><c r="F21" s="20"/><c r="G21" s="21"/><c r="I21" s="1" t="s"><v>44</v></c><c r="J21" s="22" t="s"><v>45</v></c><c r="K21" s="23" t="s"><v>45</v></c><c r="L21" s="23" t="s"><v>45</v></c><c r="M21" s="22" t="s"><v>45</v></c><c r="N21" s="23" t="s"><v>45</v></c><c r="O21" s="24" t="s"><v>45</v></c><c r="Q21" s="1" t="s"><v>44</v></c><c r="R21" s="22" t="s"><v>45</v></c><c r="S21" s="23" t="s"><v>45</v></c><c r="T21" s="23" t="s"><v>45</v></c><c r="U21" s="22" t="s"><v>45</v></c><c r="V21" s="23" t="s"><v>45</v></c><c r="W21" s="24" t="s"><v>45</v></c><c r="Y21" s="1" t="s"><v>44</v></c><c r="Z21" s="22" t="s"><v>45</v></c><c r="AA21" s="23" t="s"><v>45</v></c><c r="AB21" s="23" t="s"><v>45</v></c><c r="AC21" s="22" t="s"><v>45</v></c><c r="AD21" s="23" t="s"><v>45</v></c><c r="AE21" s="24" t="s"><v>45</v></c><c r="AG21" s="1" t="s"><v>44</v></c><c r="AH21" s="22" t="s"><v>45</v></c><c r="AI21" s="23" t="s"><v>45</v></c><c r="AJ21" s="23" t="s"><v>45</v></c><c r="AK21" s="22" t="s"><v>45</v></c><c r="AL21" s="23" t="s"><v>45</v></c><c r="AM21" s="24" t="s"><v>45</v></c></row><row r="22" spans="1:39" ht="15" thickBot="1" x14ac:dyDescent="0.35"><c r="A22" s="1" t="s"><v>47</v></c><c r="B22" s="16" t="s"><v>48</v></c><c r="C22" s="17" t="s"><v>48</v></c><c r="D22" s="17" t="s"><v>49</v></c><c r="E22" s="16" t="s"><v>50</v></c><c r="F22" s="17" t="s"><v>51</v></c><c r="G22" s="18" t="s"><v>52</v></c><c r="I22" s="5" t="s"><v>46</v></c><c r="J22" s="19"/><c r="K22" s="20"/><c r="L22" s="20"/><c r="M22" s="19"/><c r="N22" s="20"/><c r="O22" s="21"/><c r="Q22" s="5" t="s"><v>46</v></c><c r="R22" s="19"/><c r="S22" s="20"/><c r="T22" s="20"/><c r="U22" s="19"/><c r="V22" s="20"/><c r="W22" s="21"/><c r="Y22" s="5" t="s"><v>46</v></c><c r="Z22" s="19"/><c r="AA22" s="20"/><c r="AB22" s="20"/><c r="AC22" s="19"/><c r="AD22" s="20"/><c r="AE22" s="21"/><c r="AG22" s="5" t="s"><v>46</v></c><c r="AH22" s="19"/><c r="AI22" s="20"/><c r="AJ22" s="20"/><c r="AK22" s="19"/><c r="AL22" s="20"/><c r="AM22" s="21"/></row><row r="23" spans="1:39" x14ac:dyDescent="0.3"><c r="A23" s="1" t="s"><v>53</v></c><c r="B23" s="16"><v>100</v></c><c r="C23" s="17"><v>90</v></c><c r="D23" s="17"><v>91</v></c><c r="E23" s="16"><v>92</v></c><c r="F23" s="17"><v>93</v></c><c r="G23" s="18"><v>94</v></c><c r="I23" s="1" t="s"><v>47</v></c><c r="J23" s="16" t="s"><v>48</v></c><c r="K23" s="17" t="s"><v>48</v></c><c r="L23" s="17" t="s"><v>49</v></c><c r="M23" s="16" t="s"><v>50</v></c><c r="N23" s="17" t="s"><v>51</v></c><c r="O23" s="18" t="s"><v>52</v></c><c r="Q23" s="1" t="s"><v>47</v></c><c r="R23" s="16" t="s"><v>48</v></c><c r="S23" s="17" t="s"><v>48</v></c><c r="T23" s="17" t="s"><v>49</v></c><c r="U23" s="16" t="s"><v>50</v></c><c r="V23" s="17" t="s"><v>51</v></c><c r="W23" s="18" t="s"><v>52</v></c><c r="Y23" s="1" t="s"><v>47</v></c><c r="Z23" s="16" t="s"><v>48</v></c><c r="AA23" s="17" t="s"><v>48</v></c><c r="AB23" s="17" t="s"><v>49</v></c><c r="AC23" s="16" t="s"><v>50</v></c><c r="AD23" s="17" t="s"><v>51</v></c><c r="AE23" s="18" t="s"><v>52</v></c><c r="AG23" s="1" t="s"><v>47</v></c><c r="AH23" s="16" t="s"><v>48</v></c><c r="AI23" s="17" t="s"><v>48</v></c><c r="AJ23" s="17" t="s"><v>49</v></c><c r="AK23" s="16" t="s"><v>50</v></c><c r="AL23" s="17" t="s"><v>51</v></c><c r="AM23" s="18" t="s"><v>52</v></c></row><row r="24" spans="1:39" x14ac:dyDescent="0.3"><c r="A24" s="1" t="s"><v>54</v></c><c r="B24" s="16" t="s"><v>55</v></c><c r="C24" s="17" t="s"><v>56</v></c><c r="D24" s="17" t="s"><v>57</v></c><c r="E24" s="16" t="s"><v>58</v></c><c r="F24" s="17" t="s"><v>59</v></c><c r="G24" s="18" t="s"><v>60</v></c><c r="I24" s="1" t="s"><v>53</v></c><c r="J24" s="16"><v>100</v></c><c r="K24" s="17"><v>90</v></c><c r="L24" s="17"><v>91</v></c><c r="M24" s="16"><v>92</v></c><c r="N24" s="17"><v>93</v></c><c r="O24" s="18"><v>94</v></c><c r="Q24" s="1" t="s"><v>53</v></c><c r="R24" s="16"><v>100</v></c><c r="S24" s="17"><v>90</v></c><c r="T24" s="17"><v>91</v></c><c r="U24" s="16"><v>92</v></c><c r="V24" s="17"><v>93</v></c><c r="W24" s="18"><v>94</v></c><c r="Y24" s="1" t="s"><v>53</v></c><c r="Z24" s="16"><v>100</v></c><c r="AA24" s="17"><v>90</v></c><c r="AB24" s="17"><v>91</v></c><c r="AC24" s="16"><v>92</v></c><c r="AD24" s="17"><v>93</v></c><c r="AE24" s="18"><v>94</v></c><c r="AG24" s="1" t="s"><v>53</v></c><c r="AH24" s="16"><v>100</v></c><c r="AI24" s="17"><v>90</v></c><c r="AJ24" s="17"><v>91</v></c><c r="AK24" s="16"><v>92</v></c><c r="AL24" s="17"><v>93</v></c><c r="AM24" s="18"><v>94</v></c></row><row r="25" spans="1:39" ht="15" thickBot="1" x14ac:dyDescent="0.35"><c r="A25" s="1" t="s"><v>61</v></c><c r="B25" s="16" t="s"><v>62</v></c><c r="C25" s="17" t="s"><v>56</v></c><c r="D25" s="17" t="s"><v>57</v></c><c r="E25" s="16" t="s"><v>58</v></c><c r="F25" s="17" t="s"><v>59</v></c><c r="G25" s="18" t="s"><v>60</v></c><c r="I25" s="1" t="s"><v>54</v></c><c r="J25" s="16" t="s"><v>55</v></c><c r="K25" s="17" t="s"><v>56</v></c><c r="L25" s="17" t="s"><v>57</v></c><c r="M25" s="16" t="s"><v>58</v></c><c r="N25" s="17" t="s"><v>59</v></c><c r="O25" s="18" t="s"><v>60</v></c><c r="Q25" s="1" t="s"><v>54</v></c><c r="R25" s="16" t="s"><v>55</v></c><c r="S25" s="17" t="s"><v>56</v></c><c r="T25" s="17" t="s"><v>57</v></c><c r="U25" s="16" t="s"><v>58</v></c><c r="V25" s="17" t="s"><v>59</v></c><c r="W25" s="18" t="s"><v>60</v></c><c r="Y25" s="1" t="s"><v>54</v></c><c r="Z25" s="16" t="s"><v>55</v></c><c r="AA25" s="17" t="s"><v>56</v></c><c r="AB25" s="17" t="s"><v>57</v></c><c r="AC25" s="16" t="s"><v>58</v></c><c r="AD25" s="17" t="s"><v>59</v></c><c r="AE25" s="18" t="s"><v>60</v></c><c r="AG25" s="1" t="s"><v>54</v></c><c r="AH25" s="16" t="s"><v>55</v></c><c r="AI25" s="17" t="s"><v>56</v></c><c r="AJ25" s="17" t="s"><v>57</v></c><c r="AK25" s="16" t="s"><v>58</v></c><c r="AL25" s="17" t="s"><v>59</v></c><c r="AM25" s="18" t="s"><v>60</v></c></row><row r="26" spans="1:39" ht="15" thickBot="1" x14ac:dyDescent="0.35"><c r="A26" s="5" t="s"><v>63</v></c><c r="B26" s="19"/><c r="C26" s="20"/><c r="D26" s="20"/><c r="E26" s="19"/><c r="F26" s="20"/><c r="G26" s="21"/><c r="I26" s="1" t="s"><v>61</v></c><c r="J26" s="16" t="s"><v>62</v></c><c r="K26" s="17" t="s"><v>56</v></c><c r="L26" s="17" t="s"><v>57</v></c><c r="M26" s="16" t="s"><v>58</v></c><c r="N26" s="17" t="s"><v>59</v></c><c r="O26" s="18" t="s"><v>60</v></c><c r="Q26" s="1" t="s"><v>61</v></c><c r="R26" s="16" t="s"><v>62</v></c><c r="S26" s="17" t="s"><v>56</v></c><c r="T26" s="17" t="s"><v>57</v></c><c r="U26" s="16" t="s"><v>58</v></c><c r="V26" s="17" t="s"><v>59</v></c><c r="W26" s="18" t="s"><v>60</v></c><c r="Y26" s="1" t="s"><v>61</v></c><c r="Z26" s="16" t="s"><v>62</v></c><c r="AA26" s="17" t="s"><v>56</v></c><c r="AB26" s="17" t="s"><v>57</v></c><c r="AC26" s="16" t="s"><v>58</v></c><c r="AD26" s="17" t="s"><v>59</v></c><c r="AE26" s="18" t="s"><v>60</v></c><c r="AG26" s="1" t="s"><v>61</v></c><c r="AH26" s="16" t="s"><v>62</v></c><c r="AI26" s="17" t="s"><v>56</v></c><c r="AJ26" s="17" t="s"><v>57</v></c><c r="AK26" s="16" t="s"><v>58</v></c><c r="AL26" s="17" t="s"><v>59</v></c><c r="AM26" s="18" t="s"><v>60</v></c></row><row r="27" spans="1:39" ht="15" thickBot="1" x14ac:dyDescent="0.35"><c r="A27" s="1" t="s"><v>64</v></c><c r="B27" s="16" t="s"><v>50</v></c><c r="C27" s="17" t="s"><v>51</v></c><c r="D27" s="18" t="s"><v>52</v></c><c r="E27" s="16" t="s"><v>50</v></c><c r="F27" s="17" t="s"><v>51</v></c><c r="G27" s="18" t="s"><v>52</v></c><c r="I27" s="5" t="s"><v>63</v></c><c r="J27" s="19"/><c r="K27" s="20"/><c r="L27" s="20"/><c r="M27" s="19"/><c r="N27" s="20"/><c r="O27" s="21"/><c r="Q27" s="5" t="s"><v>63</v></c><c r="R27" s="19"/><c r="S27" s="20"/><c r="T27" s="20"/><c r="U27" s="19"/><c r="V27" s="20"/><c r="W27" s="21"/><c r="Y27" s="5" t="s"><v>63</v></c><c r="Z27" s="19"/><c r="AA27" s="20"/><c r="AB27" s="20"/><c r="AC27" s="19"/><c r="AD27" s="20"/><c r="AE27" s="21"/><c r="AG27" s="5" t="s"><v>63</v></c><c r="AH27" s="19"/><c r="AI27" s="20"/><c r="AJ27" s="20"/><c r="AK27" s="19"/><c r="AL27" s="20"/><c r="AM27" s="21"/></row><row r="28" spans="1:39" x14ac:dyDescent="0.3"><c r="A28" s="1" t="s"><v>65</v></c><c r="B28" s="16"><v>92</v></c><c r="C28" s="17"><v>93</v></c><c r="D28" s="18"><v>94</v></c><c r="E28" s="16"><v>92</v></c><c r="F28" s="17"><v>93</v></c><c r="G28" s="18"><v>94</v></c><c r="I28" s="1" t="s"><v>64</v></c><c r="J28" s="16" t="s"><v>50</v></c><c r="K28" s="17" t="s"><v>51</v></c><c r="L28" s="18" t="s"><v>52</v></c><c r="M28" s="16" t="s"><v>50</v></c><c r="N28" s="17" t="s"><v>51</v></c><c r="O28" s="18" t="s"><v>52</v></c><c r="Q28" s="1" t="s"><v>64</v></c><c r="R28" s="16" t="s"><v>50</v></c><c r="S28" s="17" t="s"><v>51</v></c><c r="T28" s="18" t="s"><v>52</v></c><c r="U28" s="16" t="s"><v>50</v></c><c r="V28" s="17" t="s"><v>51</v></c><c r="W28" s="18" t="s"><v>52</v></c><c r="Y28" s="1" t="s"><v>64</v></c><c r="Z28" s="16" t="s"><v>50</v></c><c r="AA28" s="17" t="s"><v>51</v></c><c r="AB28" s="18" t="s"><v>52</v></c><c r="AC28" s="16" t="s"><v>50</v></c><c r="AD28" s="17" t="s"><v>51</v></c><c r="AE28" s="18" t="s"><v>52</v></c><c r="AG28" s="1" t="s"><v>64</v></c><c r="AH28" s="16" t="s"><v>50</v></c><c r="AI28" s="17" t="s"><v>51</v></c><c r="AJ28" s="18" t="s"><v>52</v></c><c r="AK28" s="16" t="s"><v>50</v></c><c r="AL28" s="17" t="s"><v>51</v></c><c r="AM28" s="18" t="s"><v>52</v></c></row><row r="29" spans="1:39" x14ac:dyDescent="0.3"><c r="A29" s="1" t="s"><v>66</v></c><c r="B29" s="16" t="s"><v>58</v></c><c r="C29" s="17" t="s"><v>59</v></c><c r="D29" s="18" t="s"><v>60</v></c><c r="E29" s="16" t="s"><v>58</v></c><c r="F29" s="17" t="s"><v>59</v></c><c r="G29" s="18" t="s"><v>60</v></c><c r="I29" s="1" t="s"><v>65</v></c><c r="J29" s="16"><v>92</v></c><c r="K29" s="17"><v>93</v></c><c r="L29" s="18"><v>94</v></c><c r="M29" s="16"><v>92</v></c><c r="N29" s="17"><v>93</v></c><c r="O29" s="18"><v>94</v></c><c r="Q29" s="1" t="s"><v>65</v></c><c r="R29" s="16"><v>92</v></c><c r="S29" s="17"><v>93</v></c><c r="T29" s="18"><v>94</v></c><c r="U29" s="16"><v>92</v></c><c r="V29" s="17"><v>93</v></c><c r="W29" s="18"><v>94</v></c><c r="Y29" s="1" t="s"><v>65</v></c><c r="Z29" s="16"><v>92</v></c><c r="AA29" s="17"><v>93</v></c><c r="AB29" s="18"><v>94</v></c><c r="AC29" s="16"><v>92</v></c><c r="AD29" s="17"><v>93</v></c><c r="AE29" s="18"><v>94</v></c><c r="AG29" s="1" t="s"><v>65</v></c><c r="AH29" s="16"><v>92</v></c><c r="AI29" s="17"><v>93</v></c><c r="AJ29" s="18"><v>94</v></c><c r="AK29" s="16"><v>92</v></c><c r="AL29" s="17"><v>93</v></c><c r="AM29" s="18"><v>94</v></c></row><row r="30" spans="1:39" x14ac:dyDescent="0.3"><c r="A30" s="1" t="s"><v>67</v></c><c r="B30" s="16" t="s"><v>58</v></c><c r="C30" s="17" t="s"><v>59</v></c><c r="D30" s="18" t="s"><v>60</v></c><c r="E30" s="16" t="s"><v>58</v></c><c r="F30" s="17" t="s"><v>59</v></c><c r="G30" s="18" t="s"><v>60</v></c><c r="I30" s="1" t="s"><v>66</v></c><c r="J30" s="16" t="s"><v>58</v></c><c r="K30" s="17" t="s"><v>59</v></c><c r="L30" s="18" t="s"><v>60</v></c><c r="M30" s="16" t="s"><v>58</v></c><c r="N30" s="17" t="s"><v>59</v></c><c r="O30" s="18" t="s"><v>60</v></c><c r="Q30" s="1" t="s"><v>66</v></c><c r="R30" s="16" t="s"><v>58</v></c><c r="S30" s="17" t="s"><v>59</v></c><c r="T30" s="18" t="s"><v>60</v></c><c r="U30" s="16" t="s"><v>58</v></c><c r="V30" s="17" t="s"><v>59</v></c><c r="W30" s="18" t="s"><v>60</v></c><c r="Y30" s="1" t="s"><v>66</v></c><c r="Z30" s="16" t="s"><v>58</v></c><c r="AA30" s="17" t="s"><v>59</v></c><c r="AB30" s="18" t="s"><v>60</v></c><c r="AC30" s="16" t="s"><v>58</v></c><c r="AD30" s="17" t="s"><v>59</v></c><c r="AE30" s="18" t="s"><v>60</v></c><c r="AG30" s="1" t="s"><v>66</v></c><c r="AH30" s="16" t="s"><v>58</v></c><c r="AI30" s="17" t="s"><v>59</v></c><c r="AJ30" s="18" t="s"><v>60</v></c><c r="AK30" s="16" t="s"><v>58</v></c><c r="AL30" s="17" t="s"><v>59</v></c><c r="AM30" s="18" t="s"><v>60</v></c></row><row r="31" spans="1:39" ht="15" thickBot="1" x14ac:dyDescent="0.35"><c r="B31" s="25"/><c r="C31" s="26"/><c r="D31" s="26"/><c r="E31" s="25"/><c r="F31" s="26"/><c r="G31" s="27"/><c r="I31" s="1" t="s"><v>67</v></c><c r="J31" s="16" t="s"><v>58</v></c><c r="K31" s="17" t="s"><v>59</v></c><c r="L31" s="18" t="s"><v>60</v></c><c r="M31" s="16" t="s"><v>58</v></c><c r="N31" s="17" t="s"><v>59</v></c><c r="O31" s="18" t="s"><v>60</v></c><c r="Q31" s="1" t="s"><v>67</v></c><c r="R31" s="16" t="s"><v>58</v></c><c r="S31" s="17" t="s"><v>59</v></c><c r="T31" s="18" t="s"><v>60</v></c><c r="U31" s="16" t="s"><v>58</v></c><c r="V31" s="17" t="s"><v>59</v></c><c r="W31" s="18" t="s"><v>60</v></c><c r="Y31" s="1" t="s"><v>67</v></c><c r="Z31" s="16" t="s"><v>58</v></c><c r="AA31" s="17" t="s"><v>59</v></c><c r="AB31" s="18" t="s"><v>60</v></c><c r="AC31" s="16" t="s"><v>58</v></c><c r="AD31" s="17" t="s"><v>59</v></c><c r="AE31" s="18" t="s"><v>60</v></c><c r="AG31" s="1" t="s"><v>67</v></c><c r="AH31" s="16" t="s"><v>58</v></c><c r="AI31" s="17" t="s"><v>59</v></c><c r="AJ31" s="18" t="s"><v>60</v></c><c r="AK31" s="16" t="s"><v>58</v></c><c r="AL31" s="17" t="s"><v>59</v></c><c r="AM31" s="18" t="s"><v>60</v></c></row><row r="32" spans="1:39" ht="15" thickBot="1" x14ac:dyDescent="0.35"><c r="J32" s="25"/><c r="K32" s="26"/><c r="L32" s="26"/><c r="M32" s="25"/><c r="N32" s="26"/><c r="O32" s="27"/></row></sheetData><mergeCells count="10"><mergeCell ref="Z8:AB8"/><mergeCell ref="AC8:AE8"/><mergeCell ref="AH8:AJ8"/><mergeCell ref="AK8:AM8"/><mergeCell ref="U8:W8"/><mergeCell ref="B7:D7"/><mergeCell ref="E7:G7"/><mergeCell ref="J8:L8"/><mergeCell ref="M8:O8"/><mergeCell ref="R8:T8"/></mergeCells><pageMargins left="0.7" right="0.7" top="0.75" bottom="0.75" header="0.3" footer="0.3"/></worksheet>