<?xml version="1.0" encoding="UTF-8" standalone="yes"?>
<worksheet xmlns="http://schemas.openxmlformats.org/spreadsheetml/2006/main" xmlns:r="http://schemas.openxmlformats.org/officeDocument/2006/relationships" xmlns:mc="http://schemas.openxmlformats.org/markup-compatibility/2006" mc:Ignorable="x14ac xr xr2 xr3" xmlns:x14ac="http://schemas.microsoft.com/office/spreadsheetml/2009/9/ac" xmlns:xr="http://schemas.microsoft.com/office/spreadsheetml/2014/revision" xmlns:xr2="http://schemas.microsoft.com/office/spreadsheetml/2015/revision2" xmlns:xr3="http://schemas.microsoft.com/office/spreadsheetml/2016/revision3" xr:uid="{38F34307-8117-44ED-AEEB-AE73D51459F9}"><dimension ref="A2:G33"/><sheetViews><sheetView topLeftCell="A13" workbookViewId="0"><selection activeCell="A3" sqref="A3:G33"/></sheetView></sheetViews><sheetFormatPr defaultRowHeight="14.4" x14ac:dyDescent="0.3"/><sheetData><row r="2" spans="1:7" ht="15" thickBot="1" x14ac:dyDescent="0.35"/><row r="3" spans="1:7" ht="15" thickBot="1" x14ac:dyDescent="0.35"><c r="A3" s="1" t="s"><v>0</v></c><c r="B3" s="2" t="s"><v>71</v></c></row><row r="4" spans="1:7" ht="15" thickBot="1" x14ac:dyDescent="0.35"><c r="A4" s="1" t="s"><v>2</v></c><c r="B4" s="3"><v>554658</v></c></row><row r="5" spans="1:7" ht="15" thickBot="1" x14ac:dyDescent="0.35"><c r="A5" s="1" t="s"><v>4</v></c><c r="B5" s="4"><v>43923</v></c></row><row r="6" spans="1:7" ht="15" thickBot="1" x14ac:dyDescent="0.35"><c r="A6" s="1" t="s"><v>5</v></c><c r="B6" s="4"><v>43833</v></c></row><row r="7" spans="1:7" x14ac:dyDescent="0.3"><c r="A7" s="1" t="s"><v>6</v></c></row><row r="8" spans="1:7" ht="15" thickBot="1" x14ac:dyDescent="0.35"/><row r="9" spans="1:7" ht="15" thickBot="1" x14ac:dyDescent="0.35"><c r="B9" s="52" t="s"><v>7</v></c><c r="C9" s="53"/><c r="D9" s="53"/><c r="E9" s="52" t="s"><v>8</v></c><c r="F9" s="53"/><c r="G9" s="54"/></row><row r="10" spans="1:7" ht="58.2" thickBot="1" x14ac:dyDescent="0.35"><c r="A10" s="5" t="s"><v>9</v></c><c r="B10" s="6" t="s"><v>10</v></c><c r="C10" s="7" t="s"><v>11</v></c><c r="D10" s="7" t="s"><v>12</v></c><c r="E10" s="6" t="s"><v>10</v></c><c r="F10" s="7" t="s"><v>11</v></c><c r="G10" s="8" t="s"><v>12</v></c></row><row r="11" spans="1:7" ht="15" thickBot="1" x14ac:dyDescent="0.35"><c r="A11" s="5" t="s"><v>13</v></c><c r="B11" s="9" t="s"><v>14</v></c><c r="C11" s="10" t="s"><v>15</v></c><c r="D11" s="10" t="s"><v>16</v></c><c r="E11" s="9" t="s"><v>17</v></c><c r="F11" s="10" t="s"><v>18</v></c><c r="G11" s="11" t="s"><v>19</v></c></row><row r="12" spans="1:7" ht="57.6" x14ac:dyDescent="0.3"><c r="A12" s="1" t="s"><v>20</v></c><c r="B12" s="12"/><c r="E12" s="13" t="s"><v>21</v></c><c r="F12" s="14" t="s"><v>22</v></c><c r="G12" s="15" t="s"><v>23</v></c></row><row r="13" spans="1:7" x14ac:dyDescent="0.3"><c r="A13" s="1" t="s"><v>24</v></c><c r="B13" s="16"><v>23</v></c><c r="C13" s="17"><v>25</v></c><c r="D13" s="17"><v>45</v></c><c r="E13" s="16"><v>36</v></c><c r="F13" s="17"><v>26</v></c><c r="G13" s="18"><v>15</v></c></row><row r="14" spans="1:7" x14ac:dyDescent="0.3"><c r="A14" s="1" t="s"><v>25</v></c><c r="B14" s="16" t="s"><v>26</v></c><c r="C14" s="16" t="s"><v>26</v></c><c r="D14" s="16" t="s"><v>26</v></c><c r="E14" s="16" t="s"><v>26</v></c><c r="F14" s="16" t="s"><v>26</v></c><c r="G14" s="16" t="s"><v>26</v></c></row><row r="15" spans="1:7" x14ac:dyDescent="0.3"><c r="A15" s="1" t="s"><v>27</v></c><c r="B15" s="16" t="s"><v>28</v></c><c r="C15" s="17" t="s"><v>28</v></c><c r="D15" s="17" t="s"><v>28</v></c><c r="E15" s="16" t="s"><v>28</v></c><c r="F15" s="17" t="s"><v>28</v></c><c r="G15" s="18" t="s"><v>28</v></c></row><row r="16" spans="1:7" x14ac:dyDescent="0.3"><c r="A16" s="1" t="s"><v>29</v></c><c r="B16" s="16" t="s"><v>30</v></c><c r="C16" s="17" t="s"><v>30</v></c><c r="D16" s="17" t="s"><v>30</v></c><c r="E16" s="16" t="s"><v>30</v></c><c r="F16" s="17" t="s"><v>30</v></c><c r="G16" s="18" t="s"><v>30</v></c></row><row r="17" spans="1:7" x14ac:dyDescent="0.3"><c r="A17" s="1" t="s"><v>31</v></c><c r="B17" s="16" t="s"><v>32</v></c><c r="C17" s="17" t="s"><v>32</v></c><c r="D17" s="17" t="s"><v>32</v></c><c r="E17" s="16" t="s"><v>32</v></c><c r="F17" s="17" t="s"><v>32</v></c><c r="G17" s="18" t="s"><v>32</v></c></row><row r="18" spans="1:7" ht="15" thickBot="1" x14ac:dyDescent="0.35"><c r="A18" s="1" t="s"><v>33</v></c><c r="B18" s="16" t="s"><v>34</v></c><c r="C18" s="17" t="s"><v>34</v></c><c r="D18" s="17" t="s"><v>34</v></c><c r="E18" s="16" t="s"><v>34</v></c><c r="F18" s="17" t="s"><v>34</v></c><c r="G18" s="18" t="s"><v>34</v></c></row><row r="19" spans="1:7" ht="15" thickBot="1" x14ac:dyDescent="0.35"><c r="A19" s="5" t="s"><v>35</v></c><c r="B19" s="19"/><c r="C19" s="20"/><c r="D19" s="20"/><c r="E19" s="19"/><c r="F19" s="20"/><c r="G19" s="21"/></row><row r="20" spans="1:7" x14ac:dyDescent="0.3"><c r="A20" s="1" t="s"><v>36</v></c><c r="B20" s="16" t="s"><v>37</v></c><c r="C20" s="17" t="s"><v>38</v></c><c r="D20" s="17" t="s"><v>39</v></c><c r="E20" s="16" t="s"><v>40</v></c><c r="F20" s="17" t="s"><v>41</v></c><c r="G20" s="18" t="s"><v>42</v></c></row><row r="21" spans="1:7" x14ac:dyDescent="0.3"><c r="A21" s="1" t="s"><v>43</v></c><c r="B21" s="16"><v>150</v></c><c r="C21" s="17"><v>160</v></c><c r="D21" s="17"/><c r="E21" s="16"/><c r="F21" s="17"/><c r="G21" s="18"/></row><row r="22" spans="1:7" ht="101.4" thickBot="1" x14ac:dyDescent="0.35"><c r="A22" s="1" t="s"><v>44</v></c><c r="B22" s="22" t="s"><v>45</v></c><c r="C22" s="23" t="s"><v>45</v></c><c r="D22" s="23" t="s"><v>45</v></c><c r="E22" s="22" t="s"><v>45</v></c><c r="F22" s="23" t="s"><v>45</v></c><c r="G22" s="24" t="s"><v>45</v></c></row><row r="23" spans="1:7" ht="15" thickBot="1" x14ac:dyDescent="0.35"><c r="A23" s="5" t="s"><v>46</v></c><c r="B23" s="19"/><c r="C23" s="20"/><c r="D23" s="20"/><c r="E23" s="19"/><c r="F23" s="20"/><c r="G23" s="21"/></row><row r="24" spans="1:7" x14ac:dyDescent="0.3"><c r="A24" s="1" t="s"><v>47</v></c><c r="B24" s="16" t="s"><v>48</v></c><c r="C24" s="17" t="s"><v>48</v></c><c r="D24" s="17" t="s"><v>49</v></c><c r="E24" s="16" t="s"><v>50</v></c><c r="F24" s="17" t="s"><v>51</v></c><c r="G24" s="18" t="s"><v>52</v></c></row><row r="25" spans="1:7" x14ac:dyDescent="0.3"><c r="A25" s="1" t="s"><v>53</v></c><c r="B25" s="16"><v>100</v></c><c r="C25" s="17"><v>90</v></c><c r="D25" s="17"><v>91</v></c><c r="E25" s="16"><v>92</v></c><c r="F25" s="17"><v>93</v></c><c r="G25" s="18"><v>94</v></c></row><row r="26" spans="1:7" x14ac:dyDescent="0.3"><c r="A26" s="1" t="s"><v>54</v></c><c r="B26" s="16" t="s"><v>55</v></c><c r="C26" s="17" t="s"><v>56</v></c><c r="D26" s="17" t="s"><v>57</v></c><c r="E26" s="16" t="s"><v>58</v></c><c r="F26" s="17" t="s"><v>59</v></c><c r="G26" s="18" t="s"><v>60</v></c></row><row r="27" spans="1:7" ht="15" thickBot="1" x14ac:dyDescent="0.35"><c r="A27" s="1" t="s"><v>61</v></c><c r="B27" s="16" t="s"><v>62</v></c><c r="C27" s="17" t="s"><v>56</v></c><c r="D27" s="17" t="s"><v>57</v></c><c r="E27" s="16" t="s"><v>58</v></c><c r="F27" s="17" t="s"><v>59</v></c><c r="G27" s="18" t="s"><v>60</v></c></row><row r="28" spans="1:7" ht="15" thickBot="1" x14ac:dyDescent="0.35"><c r="A28" s="5" t="s"><v>63</v></c><c r="B28" s="19"/><c r="C28" s="20"/><c r="D28" s="20"/><c r="E28" s="19"/><c r="F28" s="20"/><c r="G28" s="21"/></row><row r="29" spans="1:7" x14ac:dyDescent="0.3"><c r="A29" s="1" t="s"><v>64</v></c><c r="B29" s="16" t="s"><v>50</v></c><c r="C29" s="17" t="s"><v>51</v></c><c r="D29" s="18" t="s"><v>52</v></c><c r="E29" s="16" t="s"><v>50</v></c><c r="F29" s="17" t="s"><v>51</v></c><c r="G29" s="18" t="s"><v>52</v></c></row><row r="30" spans="1:7" x14ac:dyDescent="0.3"><c r="A30" s="1" t="s"><v>65</v></c><c r="B30" s="16"><v>92</v></c><c r="C30" s="17"><v>93</v></c><c r="D30" s="18"><v>94</v></c><c r="E30" s="16"><v>92</v></c><c r="F30" s="17"><v>93</v></c><c r="G30" s="18"><v>94</v></c></row><row r="31" spans="1:7" x14ac:dyDescent="0.3"><c r="A31" s="1" t="s"><v>66</v></c><c r="B31" s="16" t="s"><v>58</v></c><c r="C31" s="17" t="s"><v>59</v></c><c r="D31" s="18" t="s"><v>60</v></c><c r="E31" s="16" t="s"><v>58</v></c><c r="F31" s="17" t="s"><v>59</v></c><c r="G31" s="18" t="s"><v>60</v></c></row><row r="32" spans="1:7" x14ac:dyDescent="0.3"><c r="A32" s="1" t="s"><v>67</v></c><c r="B32" s="16" t="s"><v>58</v></c><c r="C32" s="17" t="s"><v>59</v></c><c r="D32" s="18" t="s"><v>60</v></c><c r="E32" s="16" t="s"><v>58</v></c><c r="F32" s="17" t="s"><v>59</v></c><c r="G32" s="18" t="s"><v>60</v></c></row><row r="33" spans="2:7" ht="15" thickBot="1" x14ac:dyDescent="0.35"><c r="B33" s="25"/><c r="C33" s="26"/><c r="D33" s="26"/><c r="E33" s="25"/><c r="F33" s="26"/><c r="G33" s="27"/></row></sheetData><mergeCells count="2"><mergeCell ref="B9:D9"/><mergeCell ref="E9:G9"/></mergeCells><pageMargins left="0.7" right="0.7" top="0.75" bottom="0.75" header="0.3" footer="0.3"/></worksheet>