<?xml version="1.0" encoding="UTF-8" standalone="yes"?>
<sst xmlns="http://schemas.openxmlformats.org/spreadsheetml/2006/main" count="1214" uniqueCount="181"><si><t>Group Name:</t></si><si><t>Tesla Inc</t></si><si><t>Group Number(or TBD)</t></si><si><t>Tienam Inc</t></si><si><t>Request Date:</t></si><si><t>Effective Date or NSB:</t></si><si><t>Please Note: All items listed on this form are subject to review</t></si><si><t>Benefits Currently in Place</t></si><si><t>Requested Benefits</t></si><si><t>General Information</t></si><si><t>Current Plan 1: P0145445 BUY UP</t></si><si><t>Current Plan 2: P0145445 BUY UP</t></si><si><t>Current Plan 3: P0145445 BUY UP</t></si><si><t>CSP</t></si><si><t>Freedom HMO 2323</t></si><si><t>Freedom HMO 2324</t></si><si><t>Freedom HMO 2325</t></si><si><t>Freedom HMO 2326</t></si><si><t>Freedom HMO 2327</t></si><si><t>Freedom HMO 2328</t></si><si><t>Base (Similar standard plan) Tracking ID</t></si><si><t>KACTOHP58- MNS000025</t></si><si><t>KACTOHP58- MNS000026</t></si><si><t>KACTOHP58- MNS000027</t></si><si><t>No of Employees Enrolled:</t></si><si><t>Group State (NY,NJ,CT)</t></si><si><t>NJ</t></si><si><t>Market (Large or Small)</t></si><si><t>Large</t></si><si><t>Product</t></si><si><t>HMO</t></si><si><t>Access</t></si><si><t>Non Gated</t></si><si><t>Network</t></si><si><t>Freedom</t></si><si><t>In Network (IN)</t></si><si><t>PCP/Specialist OV Copay</t></si><si><t>30/45</t></si><si><t>30/50</t></si><si><t>0/0</t></si><si><t>30/55</t></si><si><t>30/60</t></si><si><t>0/1</t></si><si><t>ER Cost Share</t></si><si><t xml:space="preserve">Hospital Cost Share </t></si><si><t>IP: 0 after deductible OP: 0 after deductible</t></si><si><t>For Direct, EPO or Value Option Products</t></si><si><t>IN Deductible</t></si><si><t>2500/5000</t></si><si><t>2500/5001</t></si><si><t>2500/5002</t></si><si><t>2500/5003</t></si><si><t>2500/5004</t></si><si><t>IN Coinsurance %</t></si><si><t>IN Coinsurance Limit</t></si><si><t>3000/6000</t></si><si><t>32000/50000</t></si><si><t>32000/50001</t></si><si><t>32000/50002</t></si><si><t>32000/50003</t></si><si><t>32000/50004</t></si><si><t>IN Out of Pocket Maximum</t></si><si><t>3000/6001</t></si><si><t>Out of Network (OON):</t></si><si><t>OON Deductible</t></si><si><t>OON Coinsurance %</t></si><si><t>OON Coinsurance Limit</t></si><si><t>OON Out of Pocket Maximum</t></si><si><t>XYZ Inc</t></si><si><t>Soumik Inc</t></si><si><t>Pramit Inc</t></si><si><t>Apple Inc</t></si><si><t>Oxford Health Plans</t></si><si><t>June 1, 2022 through May 31, 2023</t></si><si><t>New York</t></si><si><t>Plan Type</t></si><si><t>Non Standard</t></si><si><t>2022 Tracking Number</t></si><si><t>Ox_NYLG_Direct_2021_153 as base build plan</t></si><si><t>Ox_NYLG_Direct_2021_175 as base build plan</t></si><si><t>Ox_NYLG_Direct_2021_193 as base build plan</t></si><si><t>Ox_NYLG_Direct_2021_135 as base build plan</t></si><si><t>Ox_NYLG_Direct_2021_199 as base build plan</t></si><si><t>Ox_NYLG_Direct_2021_001 as base build plan</t></si><si><t>Ox_NYLG_Direct_2021_096 as base build plan</t></si><si><t>Ox_NYLG_Direct_2021_016 as base build plan</t></si><si><t>2022 Cirrus Benefit Plan ID</t></si><si><t>MNS0000290</t></si><si><t>MNS0000291</t></si><si><t>MNS0000292</t></si><si><t>MNS0000293</t></si><si><t>MNS0000294</t></si><si><t>MNS0000295</t></si><si><t>MNS0000296</t></si><si><t>MNS0000297</t></si><si><t>MNS0000298</t></si><si><t>2022 Cirrus Benefit Bundle Option ID</t></si><si><t>5605086/234699026</t></si><si><t>5605686/2346993876</t></si><si><t>523756/2335787926</t></si><si><t>5832466/246756956</t></si><si><t>554739/2323467836</t></si><si><t>523456/123456756</t></si><si><t>4567823/469902623</t></si><si><t>56235386/234696901</t></si><si><t>2022 Rx Code</t></si><si><t>No-Standard Rx</t></si><si><t>RX66-100</t></si><si><t>RX38</t></si><si><t>RX39-100</t></si><si><t>2023 Comments</t></si><si><t>No changes except for row 36</t></si><si><t>2023 Tracking Number</t></si><si><t>2023 Cirrus Benefit Plan ID</t></si><si><t>2023 Cirrus Benefit Bundle Option ID</t></si><si><t>2023 Rx Code</t></si><si><t>Benefit Plan Descriptions</t></si><si><t>OXF-FRE DIR PPO 6A 2000-90-NY</t></si><si><t>OXF-LIB DIR PPO 8b 2000-90-NY</t></si><si><t>OXF-LIB ACC PPO 16A 2000-100-NY</t></si><si><t>OXF-FRE DIR PPO 18B 200-60-NY</t></si><si><t>OXF-LIB DIR PPO 6A 2000-90-NY</t></si><si><t>OXF-FRE PPO 9C 20-100-NY</t></si><si><t>OXF-LIB EPO 6B 2000-90-NY</t></si><si><t>OXF-FRE PPO 9A 2000-80-NY</t></si><si><t>Deductible</t></si><si><t xml:space="preserve">In-Network </t></si><si><t>$2000/$3000</t></si><si><t>$1000/$3000</t></si><si><t>Out-of-Network</t></si><si><t>$2000/$5000</t></si><si><t>$2000/$4000</t></si><si><t>Coinsurance</t></si><si><t>OOP Max - Incl Ded</t></si><si><t>$4000/3X</t></si><si><t>$4000/2X</t></si><si><t>$5000/3X</t></si><si><t>$3000/2X</t></si><si><t>Office Visit</t></si><si><t>In-Network (PCP/SPEC)</t></si><si><t>$35/$60</t></si><si><t>$45/$80</t></si><si><t>Ded then 20%</t></si><si><t>Ded then 10%</t></si><si><t>N/A</t></si><si><t>$300</t></si><si><t>Ded then 30%</t></si><si><t>Inpatient Hospital</t></si><si><t>In Network</t></si><si><t>$240</t></si><si><t>Outpatient Surgery</t></si><si><t>$320</t></si><si><t>Diagn Lab and Xray</t></si><si><t>Lab: $0, X-ray/Adv imaging: Ded then 10%</t></si><si><t>No Charge</t></si><si><t>Urgent Care</t></si><si><t>$40</t></si><si><t>$60</t></si><si><t>$30</t></si><si><t>$80</t></si><si><t>#30</t></si><si><t>Emergency Room</t></si><si><t>ER Copay</t></si><si><t>$500</t></si><si><t>$400</t></si><si><t>$700</t></si><si><t>$900</t></si><si><t>Rider DESCRIPTIONS</t></si><si><t>In-Network</t></si><si><t>$20/$200 ded then $45/$85</t></si><si><t>SAME/OPP SEX DP</t></si><si><t>UCR/MNRP</t></si><si><t>200% MNRP</t></si><si><t>300% MNRP</t></si><si><t>400% MNRP</t></si><si><t>100% MNRP</t></si><si><t>STANDARD CHANGES</t></si><si><t>DME is in-network only; Infertility is covered OON</t></si><si><t>ABCDEF Inc</t></si><si><t>MNS 0004</t></si><si><t>MNS 0005</t></si></sst>