<?xml version="1.0" encoding="UTF-8" standalone="yes"?>
<styleSheet xmlns="http://schemas.openxmlformats.org/spreadsheetml/2006/main" xmlns:mc="http://schemas.openxmlformats.org/markup-compatibility/2006" mc:Ignorable="x14ac x16r2 xr" xmlns:x14ac="http://schemas.microsoft.com/office/spreadsheetml/2009/9/ac" xmlns:x16r2="http://schemas.microsoft.com/office/spreadsheetml/2015/02/main" xmlns:xr="http://schemas.microsoft.com/office/spreadsheetml/2014/revision"><fonts count="6" x14ac:knownFonts="1"><font><sz val="11"/><color theme="1"/><name val="Calibri"/><family val="2"/><scheme val="minor"/></font><font><b/><sz val="11"/><color theme="1"/><name val="Calibri"/><family val="2"/><scheme val="minor"/></font><font><b/><i/><sz val="11"/><color theme="8" tint="-0.499984740745262"/><name val="Calibri"/><family val="2"/><scheme val="minor"/></font><font><sz val="11"/><color rgb="FFFF0000"/><name val="Calibri"/><family val="2"/><scheme val="minor"/></font><font><sz val="11"/><color theme="0"/><name val="Calibri"/><family val="2"/><scheme val="minor"/></font><font><sz val="11"/><color theme="5" tint="-0.249977111117893"/><name val="Calibri"/><family val="2"/><scheme val="minor"/></font></fonts><fills count="9"><fill><patternFill patternType="none"/></fill><fill><patternFill patternType="gray125"/></fill><fill><patternFill patternType="solid"><fgColor theme="2" tint="-0.249977111117893"/><bgColor indexed="64"/></patternFill></fill><fill><patternFill patternType="solid"><fgColor rgb="FFFFFF00"/><bgColor indexed="64"/></patternFill></fill><fill><patternFill patternType="solid"><fgColor rgb="FFFFFF99"/><bgColor indexed="64"/></patternFill></fill><fill><patternFill patternType="solid"><fgColor theme="0" tint="-0.14999847407452621"/><bgColor indexed="64"/></patternFill></fill><fill><patternFill patternType="solid"><fgColor rgb="FFFFCCCC"/><bgColor indexed="64"/></patternFill></fill><fill><patternFill patternType="solid"><fgColor rgb="FF00B0F0"/><bgColor indexed="64"/></patternFill></fill><fill><patternFill patternType="solid"><fgColor theme="8" tint="-0.249977111117893"/><bgColor indexed="64"/></patternFill></fill></fills><borders count="23"><border><left/><right/><top/><bottom/><diagonal/></border><border><left style="medium"><color indexed="64"/></left><right style="medium"><color indexed="64"/></right><top style="medium"><color indexed="64"/></top><bottom style="medium"><color indexed="64"/></bottom><diagonal/></border><border><left style="medium"><color indexed="64"/></left><right style="medium"><color indexed="64"/></right><top/><bottom style="medium"><color indexed="64"/></bottom><diagonal/></border><border><left style="medium"><color indexed="64"/></left><right/><top style="medium"><color indexed="64"/></top><bottom/><diagonal/></border><border><left/><right/><top style="medium"><color indexed="64"/></top><bottom/><diagonal/></border><border><left/><right style="medium"><color indexed="64"/></right><top style="medium"><color indexed="64"/></top><bottom/><diagonal/></border><border><left style="medium"><color indexed="64"/></left><right/><top style="medium"><color indexed="64"/></top><bottom style="medium"><color indexed="64"/></bottom><diagonal/></border><border><left/><right/><top style="medium"><color indexed="64"/></top><bottom style="medium"><color indexed="64"/></bottom><diagonal/></border><border><left/><right style="medium"><color indexed="64"/></right><top style="medium"><color indexed="64"/></top><bottom style="medium"><color indexed="64"/></bottom><diagonal/></border><border><left style="medium"><color indexed="64"/></left><right/><top/><bottom/><diagonal/></border><border><left/><right style="medium"><color indexed="64"/></right><top/><bottom/><diagonal/></border><border><left style="medium"><color indexed="64"/></left><right/><top/><bottom style="medium"><color indexed="64"/></bottom><diagonal/></border><border><left/><right/><top/><bottom style="medium"><color indexed="64"/></bottom><diagonal/></border><border><left/><right style="medium"><color indexed="64"/></right><top/><bottom style="medium"><color indexed="64"/></bottom><diagonal/></border><border><left style="thin"><color indexed="64"/></left><right style="thin"><color indexed="64"/></right><top style="thin"><color indexed="64"/></top><bottom style="thin"><color indexed="64"/></bottom><diagonal/></border><border><left style="thin"><color indexed="64"/></left><right style="thin"><color indexed="64"/></right><top style="thin"><color indexed="64"/></top><bottom/><diagonal/></border><border><left/><right style="thin"><color indexed="64"/></right><top style="thin"><color indexed="64"/></top><bottom style="thin"><color indexed="64"/></bottom><diagonal/></border><border><left style="thin"><color indexed="64"/></left><right style="thin"><color indexed="64"/></right><top/><bottom style="thin"><color indexed="64"/></bottom><diagonal/></border><border><left style="thin"><color indexed="64"/></left><right/><top style="thin"><color indexed="64"/></top><bottom style="thin"><color indexed="64"/></bottom><diagonal/></border><border><left style="thin"><color indexed="64"/></left><right style="thin"><color indexed="64"/></right><top/><bottom/><diagonal/></border><border><left/><right style="thin"><color indexed="64"/></right><top/><bottom/><diagonal/></border><border><left/><right/><top/><bottom style="thin"><color indexed="64"/></bottom><diagonal/></border><border><left/><right style="thin"><color indexed="64"/></right><top/><bottom style="thin"><color indexed="64"/></bottom><diagonal/></border></borders><cellStyleXfs count="1"><xf numFmtId="0" fontId="0" fillId="0" borderId="0"/></cellStyleXfs><cellXfs count="81"><xf numFmtId="0" fontId="0" fillId="0" borderId="0" xfId="0"/><xf numFmtId="0" fontId="1" fillId="0" borderId="0" xfId="0" applyFont="1"/><xf numFmtId="0" fontId="1" fillId="0" borderId="1" xfId="0" applyFont="1" applyBorder="1" applyAlignment="1"><alignment horizontal="center"/></xf><xf numFmtId="0" fontId="1" fillId="0" borderId="2" xfId="0" applyFont="1" applyBorder="1" applyAlignment="1"><alignment horizontal="center"/></xf><xf numFmtId="14" fontId="1" fillId="0" borderId="2" xfId="0" applyNumberFormat="1" applyFont="1" applyBorder="1" applyAlignment="1"><alignment horizontal="center"/></xf><xf numFmtId="0" fontId="2" fillId="2" borderId="6" xfId="0" applyFont="1" applyFill="1" applyBorder="1"/><xf numFmtId="0" fontId="1" fillId="2" borderId="6" xfId="0" applyFont="1" applyFill="1" applyBorder="1" applyAlignment="1"><alignment horizontal="center" wrapText="1"/></xf><xf numFmtId="0" fontId="1" fillId="2" borderId="7" xfId="0" applyFont="1" applyFill="1" applyBorder="1" applyAlignment="1"><alignment horizontal="center" wrapText="1"/></xf><xf numFmtId="0" fontId="1" fillId="2" borderId="8" xfId="0" applyFont="1" applyFill="1" applyBorder="1" applyAlignment="1"><alignment horizontal="center" wrapText="1"/></xf><xf numFmtId="0" fontId="1" fillId="2" borderId="6" xfId="0" applyFont="1" applyFill="1" applyBorder="1"/><xf numFmtId="0" fontId="1" fillId="2" borderId="7" xfId="0" applyFont="1" applyFill="1" applyBorder="1"/><xf numFmtId="0" fontId="1" fillId="2" borderId="8" xfId="0" applyFont="1" applyFill="1" applyBorder="1"/><xf numFmtId="0" fontId="0" fillId="0" borderId="9" xfId="0" applyBorder="1"/><xf numFmtId="0" fontId="1" fillId="3" borderId="9" xfId="0" applyFont="1" applyFill="1" applyBorder="1" applyAlignment="1"><alignment horizontal="center" wrapText="1"/></xf><xf numFmtId="0" fontId="1" fillId="3" borderId="0" xfId="0" applyFont="1" applyFill="1" applyAlignment="1"><alignment horizontal="center" wrapText="1"/></xf><xf numFmtId="0" fontId="1" fillId="3" borderId="10" xfId="0" applyFont="1" applyFill="1" applyBorder="1" applyAlignment="1"><alignment horizontal="center" wrapText="1"/></xf><xf numFmtId="0" fontId="0" fillId="0" borderId="9" xfId="0" applyBorder="1" applyAlignment="1"><alignment horizontal="center"/></xf><xf numFmtId="0" fontId="0" fillId="0" borderId="0" xfId="0" applyAlignment="1"><alignment horizontal="center"/></xf><xf numFmtId="0" fontId="0" fillId="0" borderId="10" xfId="0" applyBorder="1" applyAlignment="1"><alignment horizontal="center"/></xf><xf numFmtId="0" fontId="0" fillId="2" borderId="6" xfId="0" applyFill="1" applyBorder="1"/><xf numFmtId="0" fontId="0" fillId="2" borderId="7" xfId="0" applyFill="1" applyBorder="1"/><xf numFmtId="0" fontId="0" fillId="2" borderId="8" xfId="0" applyFill="1" applyBorder="1"/><xf numFmtId="0" fontId="0" fillId="0" borderId="9" xfId="0" applyBorder="1" applyAlignment="1"><alignment horizontal="center" wrapText="1"/></xf><xf numFmtId="0" fontId="0" fillId="0" borderId="0" xfId="0" applyAlignment="1"><alignment horizontal="center" wrapText="1"/></xf><xf numFmtId="0" fontId="0" fillId="0" borderId="10" xfId="0" applyBorder="1" applyAlignment="1"><alignment horizontal="center" wrapText="1"/></xf><xf numFmtId="0" fontId="0" fillId="0" borderId="11" xfId="0" applyBorder="1"/><xf numFmtId="0" fontId="0" fillId="0" borderId="12" xfId="0" applyBorder="1"/><xf numFmtId="0" fontId="0" fillId="0" borderId="13" xfId="0" applyBorder="1"/><xf numFmtId="0" fontId="0" fillId="4" borderId="14" xfId="0" applyFill="1" applyBorder="1" applyAlignment="1"><alignment horizontal="center" vertical="center" wrapText="1"/></xf><xf numFmtId="0" fontId="0" fillId="5" borderId="14" xfId="0" applyFill="1" applyBorder="1" applyAlignment="1"><alignment horizontal="center" vertical="center"/></xf><xf numFmtId="0" fontId="0" fillId="5" borderId="14" xfId="0" applyFill="1" applyBorder="1" applyAlignment="1"><alignment horizontal="center" vertical="center" wrapText="1"/></xf><xf numFmtId="0" fontId="3" fillId="6" borderId="14" xfId="0" applyFont="1" applyFill="1" applyBorder="1" applyAlignment="1"><alignment horizontal="center" vertical="center"/></xf><xf numFmtId="0" fontId="0" fillId="4" borderId="14" xfId="0" applyFill="1" applyBorder="1" applyAlignment="1"><alignment horizontal="center" vertical="center"/></xf><xf numFmtId="0" fontId="0" fillId="7" borderId="14" xfId="0" applyFill="1" applyBorder="1" applyAlignment="1"><alignment horizontal="center" vertical="center"/></xf><xf numFmtId="0" fontId="4" fillId="8" borderId="14" xfId="0" applyFont="1" applyFill="1" applyBorder="1" applyAlignment="1"><alignment horizontal="center" vertical="center"/></xf><xf numFmtId="0" fontId="3" fillId="8" borderId="14" xfId="0" applyFont="1" applyFill="1" applyBorder="1" applyAlignment="1"><alignment horizontal="center" vertical="center"/></xf><xf numFmtId="0" fontId="0" fillId="0" borderId="15" xfId="0" applyBorder="1"/><xf numFmtId="0" fontId="0" fillId="0" borderId="16" xfId="0" applyBorder="1" applyAlignment="1"><alignment horizontal="center" vertical="center"/></xf><xf numFmtId="0" fontId="0" fillId="0" borderId="14" xfId="0" applyBorder="1" applyAlignment="1"><alignment horizontal="center" vertical="center"/></xf><xf numFmtId="0" fontId="0" fillId="0" borderId="17" xfId="0" applyBorder="1"/><xf numFmtId="9" fontId="0" fillId="0" borderId="14" xfId="0" applyNumberFormat="1" applyBorder="1" applyAlignment="1"><alignment horizontal="center"/></xf><xf numFmtId="9" fontId="0" fillId="4" borderId="14" xfId="0" applyNumberFormat="1" applyFill="1" applyBorder="1" applyAlignment="1"><alignment horizontal="center"/></xf><xf numFmtId="0" fontId="0" fillId="0" borderId="14" xfId="0" applyBorder="1" applyAlignment="1"><alignment horizontal="center"/></xf><xf numFmtId="0" fontId="0" fillId="4" borderId="14" xfId="0" applyFill="1" applyBorder="1" applyAlignment="1"><alignment horizontal="center"/></xf><xf numFmtId="0" fontId="0" fillId="5" borderId="14" xfId="0" applyFill="1" applyBorder="1" applyAlignment="1"><alignment horizontal="center"/></xf><xf numFmtId="0" fontId="0" fillId="0" borderId="16" xfId="0" applyBorder="1" applyAlignment="1"><alignment horizontal="center"/></xf><xf numFmtId="0" fontId="0" fillId="0" borderId="19" xfId="0" applyBorder="1"/><xf numFmtId="0" fontId="4" fillId="8" borderId="14" xfId="0" applyFont="1" applyFill="1" applyBorder="1" applyAlignment="1"><alignment horizontal="left"/></xf><xf numFmtId="0" fontId="0" fillId="0" borderId="14" xfId="0" applyBorder="1"/><xf numFmtId="0" fontId="4" fillId="8" borderId="18" xfId="0" applyFont="1" applyFill="1" applyBorder="1" applyAlignment="1"><alignment horizontal="left"/></xf><xf numFmtId="0" fontId="0" fillId="0" borderId="20" xfId="0" applyBorder="1"/><xf numFmtId="0" fontId="0" fillId="0" borderId="22" xfId="0" applyBorder="1"/><xf numFmtId="0" fontId="1" fillId="0" borderId="3" xfId="0" applyFont="1" applyBorder="1" applyAlignment="1"><alignment horizontal="center"/></xf><xf numFmtId="0" fontId="1" fillId="0" borderId="4" xfId="0" applyFont="1" applyBorder="1" applyAlignment="1"><alignment horizontal="center"/></xf><xf numFmtId="0" fontId="1" fillId="0" borderId="5" xfId="0" applyFont="1" applyBorder="1" applyAlignment="1"><alignment horizontal="center"/></xf><xf numFmtId="0" fontId="0" fillId="4" borderId="14" xfId="0" applyFill="1" applyBorder="1"/><xf numFmtId="0" fontId="0" fillId="0" borderId="0" xfId="0"/><xf numFmtId="0" fontId="0" fillId="0" borderId="20" xfId="0" applyBorder="1"/><xf numFmtId="0" fontId="0" fillId="0" borderId="21" xfId="0" applyBorder="1"/><xf numFmtId="0" fontId="0" fillId="0" borderId="22" xfId="0" applyBorder="1"/><xf numFmtId="0" fontId="0" fillId="5" borderId="14" xfId="0" applyFill="1" applyBorder="1"/><xf numFmtId="0" fontId="0" fillId="0" borderId="14" xfId="0" applyBorder="1" applyAlignment="1"><alignment horizontal="center" vertical="center"/></xf><xf numFmtId="0" fontId="4" fillId="8" borderId="14" xfId="0" applyFont="1" applyFill="1" applyBorder="1" applyAlignment="1"><alignment horizontal="center" vertical="center"/></xf><xf numFmtId="0" fontId="4" fillId="8" borderId="15" xfId="0" applyFont="1" applyFill="1" applyBorder="1" applyAlignment="1"><alignment horizontal="center" vertical="center"/></xf><xf numFmtId="0" fontId="4" fillId="8" borderId="14" xfId="0" applyFont="1" applyFill="1" applyBorder="1" applyAlignment="1"><alignment horizontal="left" vertical="center"/></xf><xf numFmtId="0" fontId="0" fillId="0" borderId="14" xfId="0" applyBorder="1" applyAlignment="1"><alignment horizontal="left" vertical="center" wrapText="1"/></xf><xf numFmtId="0" fontId="0" fillId="4" borderId="14" xfId="0" applyFill="1" applyBorder="1" applyAlignment="1"><alignment horizontal="center" vertical="center"/></xf><xf numFmtId="0" fontId="4" fillId="8" borderId="18" xfId="0" applyFont="1" applyFill="1" applyBorder="1" applyAlignment="1"><alignment horizontal="left" vertical="center"/></xf><xf numFmtId="0" fontId="0" fillId="0" borderId="15" xfId="0" applyBorder="1" applyAlignment="1"><alignment horizontal="left" vertical="center"/></xf><xf numFmtId="0" fontId="0" fillId="0" borderId="19" xfId="0" applyBorder="1" applyAlignment="1"><alignment horizontal="left" vertical="center"/></xf><xf numFmtId="0" fontId="0" fillId="5" borderId="16" xfId="0" applyFill="1" applyBorder="1" applyAlignment="1"><alignment horizontal="center"/></xf><xf numFmtId="0" fontId="0" fillId="5" borderId="14" xfId="0" applyFill="1" applyBorder="1" applyAlignment="1"><alignment horizontal="center"/></xf><xf numFmtId="0" fontId="0" fillId="0" borderId="14" xfId="0" applyBorder="1" applyAlignment="1"><alignment horizontal="center"/></xf><xf numFmtId="0" fontId="0" fillId="5" borderId="14" xfId="0" applyFill="1" applyBorder="1" applyAlignment="1"><alignment horizontal="center" vertical="center"/></xf><xf numFmtId="0" fontId="0" fillId="4" borderId="14" xfId="0" applyFill="1" applyBorder="1" applyAlignment="1"><alignment horizontal="center" vertical="center" wrapText="1"/></xf><xf numFmtId="0" fontId="0" fillId="4" borderId="14" xfId="0" applyFill="1" applyBorder="1" applyAlignment="1"><alignment horizontal="center"/></xf><xf numFmtId="0" fontId="0" fillId="0" borderId="16" xfId="0" applyBorder="1" applyAlignment="1"><alignment horizontal="center" vertical="center" wrapText="1"/></xf><xf numFmtId="0" fontId="0" fillId="0" borderId="14" xfId="0" applyBorder="1" applyAlignment="1"><alignment horizontal="center" vertical="center" wrapText="1"/></xf><xf numFmtId="0" fontId="0" fillId="0" borderId="16" xfId="0" applyBorder="1" applyAlignment="1"><alignment horizontal="center" vertical="center"/></xf><xf numFmtId="0" fontId="5" fillId="4" borderId="14" xfId="0" applyFont="1" applyFill="1" applyBorder="1" applyAlignment="1"><alignment horizontal="center" vertical="center" wrapText="1"/></xf><xf numFmtId="0" fontId="5" fillId="4" borderId="16" xfId="0" applyFont="1" applyFill="1" applyBorder="1" applyAlignment="1"><alignment horizontal="center" vertical="center" wrapText="1"/></xf></cellXfs><cellStyles count="1"><cellStyle name="Normal" xfId="0" builtinId="0"/></cellStyles><dxfs count="0"/><tableStyles count="0" defaultTableStyle="TableStyleMedium2" defaultPivotStyle="PivotStyleLight16"/><extLst><ext uri="{EB79DEF2-80B8-43e5-95BD-54CBDDF9020C}" xmlns:x14="http://schemas.microsoft.com/office/spreadsheetml/2009/9/main"><x14:slicerStyles defaultSlicerStyle="SlicerStyleLight1"/></ext><ext uri="{9260A510-F301-46a8-8635-F512D64BE5F5}" xmlns:x15="http://schemas.microsoft.com/office/spreadsheetml/2010/11/main"><x15:timelineStyles defaultTimelineStyle="TimeSlicerStyleLight1"/></ext></extLst></styleSheet>