<?xml version="1.0" encoding="UTF-8" standalone="yes"?>
<workbook xmlns="http://schemas.openxmlformats.org/spreadsheetml/2006/main" xmlns:r="http://schemas.openxmlformats.org/officeDocument/2006/relationships" xmlns:mc="http://schemas.openxmlformats.org/markup-compatibility/2006" mc:Ignorable="x15 xr xr6 xr10 xr2" xmlns:x15="http://schemas.microsoft.com/office/spreadsheetml/2010/11/main" xmlns:xr="http://schemas.microsoft.com/office/spreadsheetml/2014/revision" xmlns:xr6="http://schemas.microsoft.com/office/spreadsheetml/2016/revision6" xmlns:xr10="http://schemas.microsoft.com/office/spreadsheetml/2016/revision10" xmlns:xr2="http://schemas.microsoft.com/office/spreadsheetml/2015/revision2"><fileVersion appName="xl" lastEdited="7" lowestEdited="7" rupBuild="27328"/><workbookPr defaultThemeVersion="166925"/><mc:AlternateContent xmlns:mc="http://schemas.openxmlformats.org/markup-compatibility/2006"><mc:Choice Requires="x15"><x15ac:absPath url="C:\Users\Subhadeep\Downloads\" xmlns:x15ac="http://schemas.microsoft.com/office/spreadsheetml/2010/11/ac"/></mc:Choice></mc:AlternateContent><xr:revisionPtr revIDLastSave="0" documentId="13_ncr:1_{31800444-AAF1-4010-8C62-77A04C29FA8B}" xr6:coauthVersionLast="47" xr6:coauthVersionMax="47" xr10:uidLastSave="{00000000-0000-0000-0000-000000000000}"/><bookViews><workbookView xWindow="-108" yWindow="-108" windowWidth="23256" windowHeight="12456" activeTab="4" xr2:uid="{72752813-FAA4-4460-88CC-F304A55325B6}"/></bookViews><sheets><sheet name="Sheet1" sheetId="1" r:id="rId1"/><sheet name="Sheet2" sheetId="2" r:id="rId2"/><sheet name="Sheet3" sheetId="3" r:id="rId3"/><sheet name="Sheet4" sheetId="4" r:id="rId4"/><sheet name="Sheet5" sheetId="5" r:id="rId5"/><sheet name="MNS0001" sheetId="6" r:id="rId6"/><sheet name="MNS0002" sheetId="10" r:id="rId7"/><sheet name="MNS0003" sheetId="7" r:id="rId8"/><sheet name="MNS0004 0005" sheetId="8" r:id="rId9"/><sheet name="Sheet9" sheetId="9" r:id="rId10"/></sheets><calcPr calcId="191029"/><extLst><ext uri="{140A7094-0E35-4892-8432-C4D2E57EDEB5}" xmlns:x15="http://schemas.microsoft.com/office/spreadsheetml/2010/11/main"><x15:workbookPr chartTrackingRefBase="1"/></ext></extLst></workbook>