<?xml version="1.0" encoding="UTF-8" standalone="yes"?>
<xdr:wsDr xmlns:xdr="http://schemas.openxmlformats.org/drawingml/2006/spreadsheetDrawing" xmlns:a="http://schemas.openxmlformats.org/drawingml/2006/main"><xdr:twoCellAnchor editAs="oneCell"><xdr:from><xdr:col>0</xdr:col><xdr:colOff>53340</xdr:colOff><xdr:row>2</xdr:row><xdr:rowOff>0</xdr:rowOff></xdr:from><xdr:to><xdr:col>12</xdr:col><xdr:colOff>510540</xdr:colOff><xdr:row>25</xdr:row><xdr:rowOff>13232</xdr:rowOff></xdr:to><xdr:pic><xdr:nvPicPr><xdr:cNvPr id="2" name="Picture 1"><a:extLst><a:ext uri="{FF2B5EF4-FFF2-40B4-BE49-F238E27FC236}"><a16:creationId xmlns:a16="http://schemas.microsoft.com/office/drawing/2014/main" id="{CEB0D03A-3B8C-4DDE-9BD8-EA5A6CB5E1A0}"/></a:ext></a:extLst></xdr:cNvPr><xdr:cNvPicPr><a:picLocks noChangeAspect="1"/></xdr:cNvPicPr></xdr:nvPicPr><xdr:blipFill><a:blip xmlns:r="http://schemas.openxmlformats.org/officeDocument/2006/relationships" r:embed="rId1"><a:extLst><a:ext uri="{28A0092B-C50C-407E-A947-70E740481C1C}"><a14:useLocalDpi xmlns:a14="http://schemas.microsoft.com/office/drawing/2010/main" val="0"/></a:ext></a:extLst></a:blip><a:stretch><a:fillRect/></a:stretch></xdr:blipFill><xdr:spPr><a:xfrm><a:off x="53340" y="365760"/><a:ext cx="7772400" cy="4219472"/></a:xfrm><a:prstGeom prst="rect"><a:avLst/></a:prstGeom></xdr:spPr></xdr:pic><xdr:clientData/></xdr:twoCellAnchor><xdr:twoCellAnchor editAs="oneCell"><xdr:from><xdr:col>13</xdr:col><xdr:colOff>106680</xdr:colOff><xdr:row>2</xdr:row><xdr:rowOff>53340</xdr:rowOff></xdr:from><xdr:to><xdr:col>30</xdr:col><xdr:colOff>184688</xdr:colOff><xdr:row>67</xdr:row><xdr:rowOff>18081</xdr:rowOff></xdr:to><xdr:pic><xdr:nvPicPr><xdr:cNvPr id="3" name="Picture 2" descr="Health Insurance Plans: A Comparison | Personal Finance Plan"><a:extLst><a:ext uri="{FF2B5EF4-FFF2-40B4-BE49-F238E27FC236}"><a16:creationId xmlns:a16="http://schemas.microsoft.com/office/drawing/2014/main" id="{95902B3D-B994-4F96-AE15-D0C86A9B5398}"/></a:ext></a:extLst></xdr:cNvPr><xdr:cNvPicPr><a:picLocks noChangeAspect="1" noChangeArrowheads="1"/></xdr:cNvPicPr></xdr:nvPicPr><xdr:blipFill><a:blip xmlns:r="http://schemas.openxmlformats.org/officeDocument/2006/relationships" r:embed="rId2"/><a:srcRect/><a:stretch><a:fillRect/></a:stretch></xdr:blipFill><xdr:spPr bwMode="auto"><a:xfrm><a:off x="8031480" y="419100"/><a:ext cx="10441208" cy="11851941"/></a:xfrm><a:prstGeom prst="rect"><a:avLst/></a:prstGeom><a:noFill/><a:ln><a:prstDash val="solid"/></a:ln></xdr:spPr></xdr:pic><xdr:clientData/></xdr:twoCellAnchor></xdr:wsDr>