<?xml version="1.0" encoding="UTF-8" standalone="yes"?>
<xdr:wsDr xmlns:xdr="http://schemas.openxmlformats.org/drawingml/2006/spreadsheetDrawing" xmlns:a="http://schemas.openxmlformats.org/drawingml/2006/main"><xdr:twoCellAnchor editAs="oneCell"><xdr:from><xdr:col>0</xdr:col><xdr:colOff>0</xdr:colOff><xdr:row>0</xdr:row><xdr:rowOff>0</xdr:rowOff></xdr:from><xdr:to><xdr:col>17</xdr:col><xdr:colOff>78008</xdr:colOff><xdr:row>64</xdr:row><xdr:rowOff>147621</xdr:rowOff></xdr:to><xdr:pic><xdr:nvPicPr><xdr:cNvPr id="2" name="Picture 1" descr="Health Insurance Plans: A Comparison | Personal Finance Plan"><a:extLst><a:ext uri="{FF2B5EF4-FFF2-40B4-BE49-F238E27FC236}"><a16:creationId xmlns:a16="http://schemas.microsoft.com/office/drawing/2014/main" id="{AFB37368-7719-4833-B880-E4A1B116894B}"/></a:ext></a:extLst></xdr:cNvPr><xdr:cNvPicPr><a:picLocks noChangeAspect="1" noChangeArrowheads="1"/></xdr:cNvPicPr></xdr:nvPicPr><xdr:blipFill><a:blip xmlns:r="http://schemas.openxmlformats.org/officeDocument/2006/relationships" r:embed="rId1"/><a:srcRect/><a:stretch><a:fillRect/></a:stretch></xdr:blipFill><xdr:spPr bwMode="auto"><a:xfrm><a:off x="0" y="0"/><a:ext cx="10441208" cy="11851941"/></a:xfrm><a:prstGeom prst="rect"><a:avLst/></a:prstGeom><a:noFill/><a:ln><a:prstDash val="solid"/></a:ln></xdr:spPr></xdr:pic><xdr:clientData/></xdr:twoCellAnchor></xdr:wsDr>