<?xml version="1.0" encoding="UTF-8" standalone="yes"?>
<Properties xmlns="http://schemas.openxmlformats.org/officeDocument/2006/extended-properties" xmlns:vt="http://schemas.openxmlformats.org/officeDocument/2006/docPropsVTypes"><Application>Microsoft Excel</Application><DocSecurity>0</DocSecurity><ScaleCrop>false</ScaleCrop><HeadingPairs><vt:vector size="2" baseType="variant"><vt:variant><vt:lpstr>Worksheets</vt:lpstr></vt:variant><vt:variant><vt:i4>10</vt:i4></vt:variant></vt:vector></HeadingPairs><TitlesOfParts><vt:vector size="10" baseType="lpstr"><vt:lpstr>Sheet1</vt:lpstr><vt:lpstr>Sheet2</vt:lpstr><vt:lpstr>Sheet3</vt:lpstr><vt:lpstr>Sheet4</vt:lpstr><vt:lpstr>Sheet5</vt:lpstr><vt:lpstr>MNS0001</vt:lpstr><vt:lpstr>MNS0002</vt:lpstr><vt:lpstr>MNS0003</vt:lpstr><vt:lpstr>MNS0004 0005</vt:lpstr><vt:lpstr>Sheet9</vt:lpstr></vt:vector></TitlesOfParts><Company></Company><LinksUpToDate>false</LinksUpToDate><SharedDoc>false</SharedDoc><HyperlinksChanged>false</HyperlinksChanged><AppVersion>16.0300</AppVersion></Properties>